{
  "extends": ["config:base"],
  "rebaseWhen": "conflicted",
  "baseBranches": ["master", "6.x", "3.x"],
  "packageRules": [
    {
      "groupName": "Vert.x and related dependencies",
      "matchPackagePatterns": ["io.vertx:vertx-*", "io.netty:*"]
    },
    {
      "matchDatasources": ["orb"],
      "automerge": true,
      "automergeType": "branch",
      "semanticCommitType": "ci"
    },
    {
      "matchPackagePatterns": [
        "org.projectlombok:*",
        "io.reactivex.rxjava2:*",
        "io.reactivex.rxjava3:*",
        "org.reactivestreams:*",
        "io.gravitee:gravitee-parent"
      ],
      "matchUpdateTypes": ["patch", "minor"],
      "automerge": true,
      "automergeType": "branch",
      "semanticCommitType": "fix"
    },
    {
      "matchPackagePatterns": [
        "org.springframework:spring-framework-bom",
        "org.springframework.security:spring-security-bom",
        "org.slf4j:*",
        "com.fasterxml.jackson:*",
        "ch.qos.logback:*"
      ],
      "matchUpdateTypes": ["patch"],
      "automerge": true,
      "automergeType": "branch",
      "semanticCommitType": "fix"
    },
    {
      "matchDepTypes": ["test"],
      "matchUpdateTypes": ["patch", "minor"],
      "automerge": true,
      "automergeType": "branch",
      "semanticCommitType": "fix"
    },
    {
      "matchPackagePatterns": ["org.junit:*", "org.mockito:*"],
      "matchUpdateTypes": ["patch", "minor"],
      "automerge": true,
      "automergeType": "branch",
      "semanticCommitType": "fix"
    },
    {
      "matchBaseBranches": ["6.x"],
      "matchPackagePatterns": ["org.springframework:spring-framework-bom"],
      "allowedVersions": "<=6.0",
      "automerge": false,
      "automergeType": "branch",
      "semanticCommitType": "fix"
    },
    {
      "matchBaseBranches": ["6.x"],
      "matchPackagePatterns": [
        "org.springframework.security:spring-security-bom"
      ],
      "allowedVersions": "<=6.1",
      "automerge": false,
      "automergeType": "branch",
      "semanticCommitType": "fix"
    },
    {
      "matchBaseBranches": ["6.x"],
      "matchPackagePatterns": ["io.vertx:vertx-*"],
      "allowedVersions": "<=4.4",
      "automerge": false,
      "automergeType": "branch",
      "semanticCommitType": "fix"
    },
    {
      "matchBaseBranches": ["6.x"],
      "groupName": "Vert.x and related dependencies",
      "matchPackagePatterns": ["io.vertx:vertx-*", "io.netty:*"],
      "matchUpdateTypes": ["patch"],
      "automerge": false,
      "automergeType": "branch",
      "semanticCommitType": "fix"
    },
    {
      "matchBaseBranches": ["3.x"],
      "matchPackagePatterns": ["org.springframework:spring-framework-bom"],
      "allowedVersions": "<=5.3",
      "automerge": false,
      "automergeType": "branch",
      "semanticCommitType": "fix"
    },
    {
      "matchBaseBranches": ["3.x"],
      "matchPackagePatterns": [
        "org.springframework.security:spring-security-bom"
      ],
      "allowedVersions": "<=5.5",
      "automerge": false,
      "automergeType": "branch",
      "semanticCommitType": "fix"
    },
    {
      "matchBaseBranches": ["3.x"],
      "matchPackagePatterns": ["io.vertx:vertx-*"],
      "allowedVersions": "<=4.2",
      "automerge": false,
      "automergeType": "branch",
      "semanticCommitType": "fix"
    },
    {
      "matchBaseBranches": ["3.x"],
      "groupName": "Vert.x and related dependencies",
      "matchPackagePatterns": ["io.vertx:vertx-*", "io.netty:*"],
      "matchUpdateTypes": ["patch"],
      "automerge": false,
      "automergeType": "branch",
      "semanticCommitType": "fix"
    }
  ]
}
