Organisation,Sex,First Name,Last Name,DOB,Nationality,Family,Head of Family,Registration Date,Status,Label
Example Organisation,Male,Ahmed,Hamed,1971-03-11,SY,,,,OPEN,657432
Example Organisation,Male,Alibrahim,Malik,1970-04-12,SY,Malik,true,,OPEN,657433
Example Organisation,Female,Fatima,Malik,1974-12-01,SY,Malik,,,OPEN,657434
Example Organisation,Male,Ahmad,Malik,2000-02-12,SY,Malik,,,OPEN,657433-a
Example Organisation,Female,Zaynab,Aziz,1982-03-01,SY,,,,OPEN,657435
Example Organisation,Male,Ali,Mohammed,1974-06-01,SY,Mohammed,true,,OPEN,657436
Example Organisation,Female,Nahidah,Mohammed,1979-07-04,SY,Mohammed,,,OPEN,657437
Example Organisation,Female,Sedra,Mohammed,2001-02-23,SY,Mohammed,,,OPEN,657436-a
Example Organisation,Male,Mahmoud,Assi,1981-09-23,SY,,,,OPEN,657438
