{
  "annotations": {
    "list": [
      {
        "builtIn": 1,
        "datasource": {
          "type": "datasource",
          "uid": "grafana"
        },
        "enable": true,
        "hide": true,
        "iconColor": "rgba(0, 211, 255, 1)",
        "name": "Annotations & Alerts",
        "target": {
          "limit": 100,
          "matchAny": false,
          "tags": [],
          "type": "dashboard"
        },
        "type": "dashboard"
      }
    ]
  },
  "editable": true,
  "fiscalYearStartMonth": 0,
  "graphTooltip": 1,
  "id": 318,
  "links": [],
  "liveNow": false,
  "panels": [
    {
      "gridPos": {
        "h": 1,
        "w": 24,
        "x": 0,
        "y": 0
      },
      "id": 46,
      "title": "Access Management Internals",
      "type": "row"
    },
    {
      "datasource": {
        "type": "prometheus",
        "uid": "prometheus"
      },
      "fieldConfig": {
        "defaults": {
          "color": {
            "mode": "thresholds"
          },
          "mappings": [],
          "thresholds": {
            "mode": "absolute",
            "steps": [
              {
                "color": "green",
                "value": null
              },
              {
                "color": "red",
                "value": 80
              }
            ]
          },
          "unit": "none"
        },
        "overrides": []
      },
      "gridPos": {
        "h": 7,
        "w": 8,
        "x": 0,
        "y": 1
      },
      "id": 47,
      "options": {
        "colorMode": "none",
        "graphMode": "none",
        "justifyMode": "center",
        "orientation": "auto",
        "reduceOptions": {
          "calcs": [
            "lastNotNull"
          ],
          "fields": "/^\\{__name__=\"gio_domains\", app_kubernetes_io_component=\"gateway\", app_kubernetes_io_instance=\"am\\-4\\-2\\-perf\", app_kubernetes_io_name=\"am\", app_kubernetes_io_version=\"am\\-1221\\-latest\", application=\"gio\\-am\\-gateway\", cloud_provider=\"Azure\", cluster=\"performance\\-test\", exported_instance=\"am\\-4\\-2\\-perf\\-gateway\\-577fb9c47c\\-nvvl5\", instance=\"10\\.0\\.0\\.167:18092\", job=\"kubernetes\\-pods\", kubernetes_namespace=\"am\\-4\\-2\\-perf\", kubernetes_pod_name=\"am\\-4\\-2\\-perf\\-gateway\\-577fb9c47c\\-nvvl5\", pod_template_hash=\"577fb9c47c\", prometheus=\"monitoring/prometheus\\-kube\\-prometheus\\-prometheus\", prometheus_replica=\"prometheus\\-prometheus\\-kube\\-prometheus\\-prometheus\\-0\", purpose=\"monitoring\"\\}$/",
          "values": false
        },
        "textMode": "auto"
      },
      "pluginVersion": "10.1.5",
      "targets": [
        {
          "datasource": {
            "type": "prometheus",
            "uid": "prometheus"
          },
          "editorMode": "code",
          "expr": "gio_domains {application=\"gio-am-gateway\", cluster=\"$cluster\", kubernetes_namespace=~\"$namespace\", kubernetes_pod_name=~\"$pod\"}",
          "instant": false,
          "legendFormat": "__auto",
          "range": true,
          "refId": "A"
        }
      ],
      "title": "Domains",
      "transparent": true,
      "type": "stat"
    },
    {
      "datasource": {
        "type": "prometheus",
        "uid": "prometheus"
      },
      "fieldConfig": {
        "defaults": {
          "color": {
            "mode": "thresholds"
          },
          "mappings": [],
          "thresholds": {
            "mode": "absolute",
            "steps": [
              {
                "color": "green",
                "value": null
              },
              {
                "color": "red",
                "value": 80
              }
            ]
          },
          "unit": "none"
        },
        "overrides": []
      },
      "gridPos": {
        "h": 7,
        "w": 8,
        "x": 8,
        "y": 1
      },
      "id": 48,
      "options": {
        "colorMode": "value",
        "graphMode": "none",
        "justifyMode": "auto",
        "orientation": "auto",
        "reduceOptions": {
          "calcs": [
            "lastNotNull"
          ],
          "fields": "",
          "values": false
        },
        "textMode": "auto"
      },
      "pluginVersion": "10.1.5",
      "targets": [
        {
          "datasource": {
            "type": "prometheus",
            "uid": "prometheus"
          },
          "editorMode": "code",
          "expr": "gio_apps{application=\"gio-am-gateway\", cluster=\"$cluster\", kubernetes_namespace=~\"$namespace\", kubernetes_pod_name=~\"$pod\", prometheus!=\"monitoring/prometheus-kube-prometheus-prometheus\"}",
          "instant": false,
          "legendFormat": "{{kubernetes_pod_name}}",
          "range": true,
          "refId": "A"
        }
      ],
      "title": "Applications",
      "transparent": true,
      "type": "stat"
    },
    {
      "datasource": {
        "type": "prometheus",
        "uid": "prometheus"
      },
      "fieldConfig": {
        "defaults": {
          "color": {
            "mode": "thresholds"
          },
          "mappings": [],
          "thresholds": {
            "mode": "absolute",
            "steps": [
              {
                "color": "green",
                "value": null
              },
              {
                "color": "red",
                "value": 80
              }
            ]
          },
          "unit": "none"
        },
        "overrides": []
      },
      "gridPos": {
        "h": 7,
        "w": 8,
        "x": 16,
        "y": 1
      },
      "id": 49,
      "options": {
        "colorMode": "value",
        "graphMode": "none",
        "justifyMode": "auto",
        "orientation": "auto",
        "reduceOptions": {
          "calcs": [
            "lastNotNull"
          ],
          "fields": "",
          "values": false
        },
        "textMode": "auto"
      },
      "pluginVersion": "10.1.5",
      "targets": [
        {
          "datasource": {
            "type": "prometheus",
            "uid": "prometheus"
          },
          "editorMode": "code",
          "expr": "gio_idps{application=\"gio-am-gateway\", cluster=\"$cluster\", kubernetes_namespace=~\"$namespace\", kubernetes_pod_name=~\"$pod\", prometheus!=\"monitoring/prometheus-kube-prometheus-prometheus\"}",
          "instant": false,
          "legendFormat": "{{kubernetes_pod_name}}",
          "range": true,
          "refId": "A"
        }
      ],
      "title": "Identities",
      "transparent": true,
      "type": "stat"
    },
    {
      "datasource": {
        "type": "prometheus",
        "uid": "prometheus"
      },
      "fieldConfig": {
        "defaults": {
          "color": {
            "mode": "palette-classic"
          },
          "custom": {
            "axisCenteredZero": false,
            "axisColorMode": "text",
            "axisLabel": "",
            "axisPlacement": "auto",
            "barAlignment": 0,
            "drawStyle": "bars",
            "fillOpacity": 100,
            "gradientMode": "none",
            "hideFrom": {
              "legend": false,
              "tooltip": false,
              "viz": false
            },
            "insertNulls": false,
            "lineInterpolation": "linear",
            "lineWidth": 1,
            "pointSize": 5,
            "scaleDistribution": {
              "type": "linear"
            },
            "showPoints": "auto",
            "spanNulls": false,
            "stacking": {
              "group": "A",
              "mode": "none"
            },
            "thresholdsStyle": {
              "mode": "off"
            }
          },
          "mappings": [],
          "thresholds": {
            "mode": "absolute",
            "steps": [
              {
                "color": "green",
                "value": null
              },
              {
                "color": "red",
                "value": 80
              }
            ]
          }
        },
        "overrides": []
      },
      "gridPos": {
        "h": 8,
        "w": 6,
        "x": 0,
        "y": 8
      },
      "id": 50,
      "options": {
        "legend": {
          "calcs": [],
          "displayMode": "list",
          "placement": "bottom",
          "showLegend": true
        },
        "tooltip": {
          "mode": "single",
          "sort": "none"
        }
      },
      "targets": [
        {
          "datasource": {
            "type": "prometheus",
            "uid": "prometheus"
          },
          "disableTextWrap": false,
          "editorMode": "builder",
          "expr": "abs(delta(gio_domain_evt_total{application=\"gio-am-gateway\", cluster=\"$cluster\", kubernetes_namespace=~\"$namespace\", kubernetes_pod_name=~\"$pod\", prometheus!=\"monitoring/prometheus-kube-prometheus-prometheus\"}[$__interval]))",
          "fullMetaSearch": false,
          "includeNullMetadata": true,
          "instant": false,
          "legendFormat": "{{kubernetes_pod_name}}",
          "range": true,
          "refId": "A",
          "useBackend": false
        }
      ],
      "title": "Domain Events",
      "type": "timeseries"
    },
    {
      "datasource": {
        "type": "prometheus",
        "uid": "prometheus"
      },
      "fieldConfig": {
        "defaults": {
          "color": {
            "mode": "palette-classic"
          },
          "custom": {
            "axisCenteredZero": false,
            "axisColorMode": "text",
            "axisLabel": "",
            "axisPlacement": "auto",
            "barAlignment": 0,
            "drawStyle": "bars",
            "fillOpacity": 100,
            "gradientMode": "none",
            "hideFrom": {
              "legend": false,
              "tooltip": false,
              "viz": false
            },
            "insertNulls": false,
            "lineInterpolation": "linear",
            "lineWidth": 1,
            "pointSize": 5,
            "scaleDistribution": {
              "type": "linear"
            },
            "showPoints": "auto",
            "spanNulls": false,
            "stacking": {
              "group": "A",
              "mode": "none"
            },
            "thresholdsStyle": {
              "mode": "off"
            }
          },
          "mappings": [],
          "thresholds": {
            "mode": "absolute",
            "steps": [
              {
                "color": "green",
                "value": null
              },
              {
                "color": "red",
                "value": 80
              }
            ]
          }
        },
        "overrides": []
      },
      "gridPos": {
        "h": 8,
        "w": 6,
        "x": 6,
        "y": 8
      },
      "id": 51,
      "options": {
        "legend": {
          "calcs": [],
          "displayMode": "list",
          "placement": "bottom",
          "showLegend": true
        },
        "tooltip": {
          "mode": "single",
          "sort": "none"
        }
      },
      "targets": [
        {
          "datasource": {
            "type": "prometheus",
            "uid": "prometheus"
          },
          "disableTextWrap": false,
          "editorMode": "builder",
          "expr": "abs(delta(gio_app_evt_total{application=\"gio-am-gateway\", cluster=\"$cluster\", kubernetes_namespace=~\"$namespace\", kubernetes_pod_name=~\"$pod\", prometheus!=\"monitoring/prometheus-kube-prometheus-prometheus\"}[$__interval]))",
          "fullMetaSearch": false,
          "includeNullMetadata": true,
          "instant": false,
          "legendFormat": "{{kubernetes_pod_name}}",
          "range": true,
          "refId": "A",
          "useBackend": false
        }
      ],
      "title": "App Events",
      "type": "timeseries"
    },
    {
      "datasource": {
        "type": "prometheus",
        "uid": "prometheus"
      },
      "fieldConfig": {
        "defaults": {
          "color": {
            "mode": "palette-classic"
          },
          "custom": {
            "axisCenteredZero": false,
            "axisColorMode": "text",
            "axisLabel": "",
            "axisPlacement": "auto",
            "barAlignment": 0,
            "drawStyle": "bars",
            "fillOpacity": 100,
            "gradientMode": "none",
            "hideFrom": {
              "legend": false,
              "tooltip": false,
              "viz": false
            },
            "insertNulls": false,
            "lineInterpolation": "linear",
            "lineWidth": 1,
            "pointSize": 5,
            "scaleDistribution": {
              "type": "linear"
            },
            "showPoints": "auto",
            "spanNulls": false,
            "stacking": {
              "group": "A",
              "mode": "none"
            },
            "thresholdsStyle": {
              "mode": "off"
            }
          },
          "mappings": [],
          "thresholds": {
            "mode": "absolute",
            "steps": [
              {
                "color": "green",
                "value": null
              },
              {
                "color": "red",
                "value": 80
              }
            ]
          }
        },
        "overrides": []
      },
      "gridPos": {
        "h": 8,
        "w": 6,
        "x": 12,
        "y": 8
      },
      "id": 52,
      "options": {
        "legend": {
          "calcs": [],
          "displayMode": "list",
          "placement": "bottom",
          "showLegend": true
        },
        "tooltip": {
          "mode": "single",
          "sort": "none"
        }
      },
      "targets": [
        {
          "datasource": {
            "type": "prometheus",
            "uid": "prometheus"
          },
          "disableTextWrap": false,
          "editorMode": "builder",
          "expr": "abs(delta(gio_idp_evt_total{application=\"gio-am-gateway\", cluster=\"$cluster\", kubernetes_namespace=~\"$namespace\", kubernetes_pod_name=~\"$pod\", prometheus!=\"monitoring/prometheus-kube-prometheus-prometheus\"}[$__interval]))",
          "fullMetaSearch": false,
          "includeNullMetadata": true,
          "instant": false,
          "legendFormat": "{{kubernetes_pod_name}}",
          "range": true,
          "refId": "A",
          "useBackend": false
        }
      ],
      "title": "Idp Events",
      "type": "timeseries"
    },
    {
      "datasource": {
        "type": "prometheus",
        "uid": "prometheus"
      },
      "fieldConfig": {
        "defaults": {
          "color": {
            "mode": "palette-classic"
          },
          "custom": {
            "axisCenteredZero": false,
            "axisColorMode": "text",
            "axisLabel": "",
            "axisPlacement": "auto",
            "barAlignment": 0,
            "drawStyle": "bars",
            "fillOpacity": 100,
            "gradientMode": "none",
            "hideFrom": {
              "legend": false,
              "tooltip": false,
              "viz": false
            },
            "insertNulls": false,
            "lineInterpolation": "linear",
            "lineWidth": 1,
            "pointSize": 5,
            "scaleDistribution": {
              "type": "linear"
            },
            "showPoints": "auto",
            "spanNulls": false,
            "stacking": {
              "group": "A",
              "mode": "none"
            },
            "thresholdsStyle": {
              "mode": "off"
            }
          },
          "mappings": [],
          "min": 0,
          "thresholds": {
            "mode": "absolute",
            "steps": [
              {
                "color": "green",
                "value": null
              },
              {
                "color": "red",
                "value": 80
              }
            ]
          }
        },
        "overrides": []
      },
      "gridPos": {
        "h": 8,
        "w": 6,
        "x": 18,
        "y": 8
      },
      "id": 53,
      "options": {
        "legend": {
          "calcs": [],
          "displayMode": "list",
          "placement": "bottom",
          "showLegend": true
        },
        "tooltip": {
          "mode": "single",
          "sort": "none"
        }
      },
      "targets": [
        {
          "datasource": {
            "type": "prometheus",
            "uid": "prometheus"
          },
          "disableTextWrap": false,
          "editorMode": "builder",
          "expr": "abs(delta(gio_events_sync{application=\"gio-am-gateway\", cluster=\"$cluster\", kubernetes_namespace=~\"$namespace\", kubernetes_pod_name=~\"$pod\", prometheus!=\"monitoring/prometheus-kube-prometheus-prometheus\"}[$__interval]))",
          "fullMetaSearch": false,
          "includeNullMetadata": true,
          "instant": false,
          "legendFormat": "{{kubernetes_pod_name}}",
          "range": true,
          "refId": "A",
          "useBackend": false
        }
      ],
      "title": "Events to sync",
      "type": "timeseries"
    },
    {
      "datasource": {
        "type": "prometheus",
        "uid": "prometheus"
      },
      "fieldConfig": {
        "defaults": {
          "color": {
            "mode": "palette-classic"
          },
          "custom": {
            "axisCenteredZero": false,
            "axisColorMode": "text",
            "axisLabel": "",
            "axisPlacement": "auto",
            "barAlignment": 0,
            "drawStyle": "line",
            "fillOpacity": 100,
            "gradientMode": "none",
            "hideFrom": {
              "legend": false,
              "tooltip": false,
              "viz": false
            },
            "insertNulls": false,
            "lineInterpolation": "linear",
            "lineWidth": 1,
            "pointSize": 5,
            "scaleDistribution": {
              "type": "linear"
            },
            "showPoints": "auto",
            "spanNulls": false,
            "stacking": {
              "group": "A",
              "mode": "none"
            },
            "thresholdsStyle": {
              "mode": "off"
            }
          },
          "mappings": [],
          "thresholds": {
            "mode": "absolute",
            "steps": [
              {
                "color": "green",
                "value": null
              },
              {
                "color": "red",
                "value": 80
              }
            ]
          }
        },
        "overrides": []
      },
      "gridPos": {
        "h": 8,
        "w": 8,
        "x": 0,
        "y": 16
      },
      "id": 54,
      "options": {
        "legend": {
          "calcs": [],
          "displayMode": "list",
          "placement": "bottom",
          "showLegend": false
        },
        "tooltip": {
          "mode": "single",
          "sort": "none"
        }
      },
      "targets": [
        {
          "datasource": {
            "type": "prometheus",
            "uid": "prometheus"
          },
          "disableTextWrap": false,
          "editorMode": "builder",
          "expr": "sum(abs(delta(gio_auth_evt_total{application=\"gio-am-gateway\", cluster=\"$cluster\", kubernetes_namespace=~\"$namespace\", kubernetes_pod_name=~\"$pod\", prometheus!=\"monitoring/prometheus-kube-prometheus-prometheus\"}[$__interval])))",
          "fullMetaSearch": false,
          "includeNullMetadata": true,
          "instant": false,
          "legendFormat": "__auto",
          "range": true,
          "refId": "A",
          "useBackend": false
        }
      ],
      "title": "User Auth Events",
      "type": "timeseries"
    },
    {
      "datasource": {
        "type": "prometheus",
        "uid": "prometheus"
      },
      "fieldConfig": {
        "defaults": {
          "color": {
            "mode": "palette-classic"
          },
          "custom": {
            "axisCenteredZero": false,
            "axisColorMode": "text",
            "axisLabel": "",
            "axisPlacement": "auto",
            "barAlignment": 0,
            "drawStyle": "line",
            "fillOpacity": 100,
            "gradientMode": "none",
            "hideFrom": {
              "legend": false,
              "tooltip": false,
              "viz": false
            },
            "insertNulls": false,
            "lineInterpolation": "linear",
            "lineWidth": 1,
            "pointSize": 5,
            "scaleDistribution": {
              "type": "linear"
            },
            "showPoints": "auto",
            "spanNulls": false,
            "stacking": {
              "group": "A",
              "mode": "none"
            },
            "thresholdsStyle": {
              "mode": "off"
            }
          },
          "mappings": [],
          "thresholds": {
            "mode": "absolute",
            "steps": [
              {
                "color": "green",
                "value": null
              },
              {
                "color": "red",
                "value": 80
              }
            ]
          }
        },
        "overrides": []
      },
      "gridPos": {
        "h": 8,
        "w": 8,
        "x": 8,
        "y": 16
      },
      "id": 55,
      "options": {
        "legend": {
          "calcs": [],
          "displayMode": "list",
          "placement": "bottom",
          "showLegend": true
        },
        "tooltip": {
          "mode": "single",
          "sort": "none"
        }
      },
      "targets": [
        {
          "datasource": {
            "type": "prometheus",
            "uid": "prometheus"
          },
          "disableTextWrap": false,
          "editorMode": "builder",
          "expr": "sum by(kubernetes_pod_name) (abs(delta(gio_auth_evt_total{auth_status=\"SUCCESS\", application=\"gio-am-gateway\", cluster=\"$cluster\", kubernetes_namespace=~\"$namespace\", kubernetes_pod_name=~\"$pod\", prometheus!=\"monitoring/prometheus-kube-prometheus-prometheus\", idp=\"internal\"}[$__interval])))",
          "fullMetaSearch": false,
          "includeNullMetadata": true,
          "instant": false,
          "legendFormat": "{{kubernetes_pod_name}}",
          "range": true,
          "refId": "A",
          "useBackend": false
        }
      ],
      "title": "Successful Auth Events",
      "type": "timeseries"
    },
    {
      "datasource": {
        "type": "prometheus",
        "uid": "prometheus"
      },
      "fieldConfig": {
        "defaults": {
          "color": {
            "mode": "palette-classic"
          },
          "custom": {
            "axisCenteredZero": false,
            "axisColorMode": "text",
            "axisLabel": "",
            "axisPlacement": "auto",
            "barAlignment": 0,
            "drawStyle": "line",
            "fillOpacity": 100,
            "gradientMode": "none",
            "hideFrom": {
              "legend": false,
              "tooltip": false,
              "viz": false
            },
            "insertNulls": false,
            "lineInterpolation": "linear",
            "lineWidth": 1,
            "pointSize": 5,
            "scaleDistribution": {
              "type": "linear"
            },
            "showPoints": "auto",
            "spanNulls": false,
            "stacking": {
              "group": "A",
              "mode": "none"
            },
            "thresholdsStyle": {
              "mode": "off"
            }
          },
          "mappings": [],
          "thresholds": {
            "mode": "absolute",
            "steps": [
              {
                "color": "green",
                "value": null
              },
              {
                "color": "red",
                "value": 80
              }
            ]
          }
        },
        "overrides": []
      },
      "gridPos": {
        "h": 8,
        "w": 8,
        "x": 16,
        "y": 16
      },
      "id": 56,
      "options": {
        "legend": {
          "calcs": [],
          "displayMode": "list",
          "placement": "bottom",
          "showLegend": true
        },
        "tooltip": {
          "mode": "single",
          "sort": "none"
        }
      },
      "targets": [
        {
          "datasource": {
            "type": "prometheus",
            "uid": "prometheus"
          },
          "disableTextWrap": false,
          "editorMode": "builder",
          "expr": "sum by(kubernetes_pod_name) (abs(delta(gio_auth_evt_total{auth_status=\"FAILURE\", application=\"gio-am-gateway\", cluster=\"$cluster\", kubernetes_namespace=~\"$namespace\", kubernetes_pod_name=~\"$pod\", prometheus!=\"monitoring/prometheus-kube-prometheus-prometheus\", idp=\"internal\"}[$__interval])))",
          "fullMetaSearch": false,
          "includeNullMetadata": true,
          "instant": false,
          "legendFormat": "{{kubernetes_pod_name}}",
          "range": true,
          "refId": "A",
          "useBackend": false
        }
      ],
      "title": "Failed Auth Events",
      "type": "timeseries"
    },
    {
      "collapsed": false,
      "gridPos": {
        "h": 1,
        "w": 24,
        "x": 0,
        "y": 24
      },
      "id": 42,
      "panels": [],
      "title": "R2DBC",
      "type": "row"
    },
    {
      "datasource": {
        "type": "prometheus",
        "uid": "prometheus"
      },
      "fieldConfig": {
        "defaults": {
          "color": {
            "mode": "palette-classic"
          },
          "custom": {
            "axisCenteredZero": false,
            "axisColorMode": "text",
            "axisLabel": "",
            "axisPlacement": "auto",
            "barAlignment": 0,
            "drawStyle": "line",
            "fillOpacity": 0,
            "gradientMode": "none",
            "hideFrom": {
              "legend": false,
              "tooltip": false,
              "viz": false
            },
            "insertNulls": false,
            "lineInterpolation": "linear",
            "lineWidth": 1,
            "pointSize": 5,
            "scaleDistribution": {
              "type": "linear"
            },
            "showPoints": "auto",
            "spanNulls": false,
            "stacking": {
              "group": "A",
              "mode": "none"
            },
            "thresholdsStyle": {
              "mode": "off"
            }
          },
          "mappings": [],
          "thresholds": {
            "mode": "absolute",
            "steps": [
              {
                "color": "green",
                "value": null
              },
              {
                "color": "red",
                "value": 80
              }
            ]
          }
        },
        "overrides": []
      },
      "gridPos": {
        "h": 9,
        "w": 6,
        "x": 0,
        "y": 25
      },
      "id": 43,
      "options": {
        "legend": {
          "calcs": [],
          "displayMode": "list",
          "placement": "bottom",
          "showLegend": true
        },
        "tooltip": {
          "mode": "single",
          "sort": "none"
        }
      },
      "targets": [
        {
          "datasource": {
            "type": "prometheus",
            "uid": "prometheus"
          },
          "disableTextWrap": false,
          "editorMode": "code",
          "expr": "sum by (kubernetes_pod_name, pool) (r2dbc_pool_allocatedSize{pool=\"common-pool\", application=\"gio-am-gateway\", cluster=\"$cluster\", kubernetes_namespace=~\"$namespace\", kubernetes_pod_name=~\"$pod\", prometheus!=\"monitoring/prometheus-kube-prometheus-prometheus\"})",
          "fullMetaSearch": false,
          "includeNullMetadata": true,
          "instant": false,
          "legendFormat": "{{ pool }} - {{kubernetes_pod_name}}",
          "range": true,
          "refId": "A",
          "useBackend": false
        },
        {
          "datasource": {
            "type": "prometheus",
            "uid": "prometheus"
          },
          "editorMode": "code",
          "expr": "sum by (kubernetes_pod_name, pool) (r2dbc_pool_allocatedSize{pool=\"idp-r2dbc\", application=\"gio-am-gateway\", cluster=\"$cluster\", kubernetes_namespace=~\"$namespace\", prometheus!=\"monitoring/prometheus-kube-prometheus-prometheus\"})",
          "hide": false,
          "instant": false,
          "legendFormat": "__auto",
          "range": true,
          "refId": "B"
        }
      ],
      "title": "Connection Pool Size",
      "type": "timeseries"
    },
    {
      "datasource": {
        "type": "prometheus",
        "uid": "prometheus"
      },
      "fieldConfig": {
        "defaults": {
          "color": {
            "mode": "palette-classic"
          },
          "custom": {
            "axisCenteredZero": false,
            "axisColorMode": "text",
            "axisLabel": "",
            "axisPlacement": "auto",
            "barAlignment": 0,
            "drawStyle": "line",
            "fillOpacity": 0,
            "gradientMode": "none",
            "hideFrom": {
              "legend": false,
              "tooltip": false,
              "viz": false
            },
            "insertNulls": false,
            "lineInterpolation": "linear",
            "lineWidth": 1,
            "pointSize": 5,
            "scaleDistribution": {
              "type": "linear"
            },
            "showPoints": "auto",
            "spanNulls": false,
            "stacking": {
              "group": "A",
              "mode": "none"
            },
            "thresholdsStyle": {
              "mode": "off"
            }
          },
          "mappings": [],
          "thresholds": {
            "mode": "absolute",
            "steps": [
              {
                "color": "green",
                "value": null
              },
              {
                "color": "red",
                "value": 80
              }
            ]
          }
        },
        "overrides": []
      },
      "gridPos": {
        "h": 9,
        "w": 6,
        "x": 6,
        "y": 25
      },
      "id": 57,
      "options": {
        "legend": {
          "calcs": [],
          "displayMode": "list",
          "placement": "bottom",
          "showLegend": true
        },
        "tooltip": {
          "mode": "single",
          "sort": "none"
        }
      },
      "targets": [
        {
          "datasource": {
            "type": "prometheus",
            "uid": "prometheus"
          },
          "editorMode": "code",
          "expr": "sum by (kubernetes_pod_name, pool) (r2dbc_pool_idleSize{pool=\"common-pool\", application=\"gio-am-gateway\", cluster=\"$cluster\", kubernetes_namespace=~\"$namespace\", kubernetes_pod_name=~\"$pod\", prometheus!=\"monitoring/prometheus-kube-prometheus-prometheus\"})",
          "instant": false,
          "legendFormat": "{{ pool }} - {{kubernetes_pod_name}}",
          "range": true,
          "refId": "A"
        },
        {
          "datasource": {
            "type": "prometheus",
            "uid": "prometheus"
          },
          "editorMode": "code",
          "expr": "sum by (kubernetes_pod_name, pool) (r2dbc_pool_idleSize{pool=\"idp-r2dbc\", application=\"gio-am-gateway\", cluster=\"$cluster\", kubernetes_namespace=~\"$namespace\", prometheus!=\"monitoring/prometheus-kube-prometheus-prometheus\"})",
          "hide": false,
          "instant": false,
          "legendFormat": "{{pool}} - {{kubernetes_pod_name}}",
          "range": true,
          "refId": "B"
        }
      ],
      "title": "Connection Idle",
      "type": "timeseries"
    },
    {
      "datasource": {
        "type": "prometheus",
        "uid": "prometheus"
      },
      "fieldConfig": {
        "defaults": {
          "color": {
            "mode": "palette-classic"
          },
          "custom": {
            "axisCenteredZero": false,
            "axisColorMode": "text",
            "axisLabel": "",
            "axisPlacement": "auto",
            "barAlignment": 0,
            "drawStyle": "line",
            "fillOpacity": 0,
            "gradientMode": "none",
            "hideFrom": {
              "legend": false,
              "tooltip": false,
              "viz": false
            },
            "insertNulls": false,
            "lineInterpolation": "linear",
            "lineWidth": 1,
            "pointSize": 5,
            "scaleDistribution": {
              "type": "linear"
            },
            "showPoints": "auto",
            "spanNulls": false,
            "stacking": {
              "group": "A",
              "mode": "none"
            },
            "thresholdsStyle": {
              "mode": "off"
            }
          },
          "mappings": [],
          "thresholds": {
            "mode": "absolute",
            "steps": [
              {
                "color": "green",
                "value": null
              },
              {
                "color": "red",
                "value": 80
              }
            ]
          }
        },
        "overrides": []
      },
      "gridPos": {
        "h": 9,
        "w": 6,
        "x": 12,
        "y": 25
      },
      "id": 44,
      "options": {
        "legend": {
          "calcs": [],
          "displayMode": "list",
          "placement": "bottom",
          "showLegend": true
        },
        "tooltip": {
          "mode": "single",
          "sort": "none"
        }
      },
      "targets": [
        {
          "datasource": {
            "type": "prometheus",
            "uid": "prometheus"
          },
          "editorMode": "code",
          "expr": "sum by (kubernetes_pod_name, pool) (r2dbc_pool_acquiredSize{pool=\"common-pool\", application=\"gio-am-gateway\", cluster=\"$cluster\", kubernetes_namespace=~\"$namespace\", kubernetes_pod_name=~\"$pod\", prometheus!=\"monitoring/prometheus-kube-prometheus-prometheus\"})",
          "instant": false,
          "legendFormat": "{{ pool }} - {{kubernetes_pod_name}}",
          "range": true,
          "refId": "A"
        },
        {
          "datasource": {
            "type": "prometheus",
            "uid": "prometheus"
          },
          "editorMode": "code",
          "expr": "sum by (kubernetes_pod_name, pool) (r2dbc_pool_acquiredSize{pool=\"idp-r2db\", application=\"gio-am-gateway\", cluster=\"$cluster\", kubernetes_namespace=~\"$namespace\", prometheus!=\"monitoring/prometheus-kube-prometheus-prometheus\"})",
          "hide": false,
          "instant": false,
          "legendFormat": "{{pool}} - {{kubernetes_pod_name}}",
          "range": true,
          "refId": "B"
        }
      ],
      "title": "Active Connections",
      "type": "timeseries"
    },
    {
      "datasource": {
        "type": "prometheus",
        "uid": "prometheus"
      },
      "fieldConfig": {
        "defaults": {
          "color": {
            "mode": "palette-classic"
          },
          "custom": {
            "axisCenteredZero": false,
            "axisColorMode": "text",
            "axisLabel": "",
            "axisPlacement": "auto",
            "barAlignment": 0,
            "drawStyle": "line",
            "fillOpacity": 0,
            "gradientMode": "none",
            "hideFrom": {
              "legend": false,
              "tooltip": false,
              "viz": false
            },
            "insertNulls": false,
            "lineInterpolation": "linear",
            "lineWidth": 1,
            "pointSize": 5,
            "scaleDistribution": {
              "type": "linear"
            },
            "showPoints": "auto",
            "spanNulls": false,
            "stacking": {
              "group": "A",
              "mode": "none"
            },
            "thresholdsStyle": {
              "mode": "off"
            }
          },
          "mappings": [],
          "thresholds": {
            "mode": "absolute",
            "steps": [
              {
                "color": "green",
                "value": null
              },
              {
                "color": "red",
                "value": 80
              }
            ]
          }
        },
        "overrides": []
      },
      "gridPos": {
        "h": 9,
        "w": 6,
        "x": 18,
        "y": 25
      },
      "id": 45,
      "options": {
        "legend": {
          "calcs": [],
          "displayMode": "list",
          "placement": "bottom",
          "showLegend": true
        },
        "tooltip": {
          "mode": "single",
          "sort": "none"
        }
      },
      "targets": [
        {
          "datasource": {
            "type": "prometheus",
            "uid": "prometheus"
          },
          "editorMode": "code",
          "expr": "sum by (kubernetes_pod_name, pool) (r2dbc_pool_pendingAcquireSize{pool=\"common-pool\", application=\"gio-am-gateway\", cluster=\"$cluster\", kubernetes_namespace=~\"$namespace\", kubernetes_pod_name=~\"$pod\", prometheus!=\"monitoring/prometheus-kube-prometheus-prometheus\"})",
          "instant": false,
          "legendFormat": "{{ pool }} - {{kubernetes_pod_name}}",
          "range": true,
          "refId": "A"
        },
        {
          "datasource": {
            "type": "prometheus",
            "uid": "prometheus"
          },
          "editorMode": "code",
          "expr": "sum by (kubernetes_pod_name, pool) (r2dbc_pool_pendingAcquireSize{pool=\"idp-r2dbc\", application=\"gio-am-gateway\", cluster=\"$cluster\", kubernetes_namespace=~\"$namespace\", prometheus!=\"monitoring/prometheus-kube-prometheus-prometheus\"})",
          "hide": false,
          "instant": false,
          "legendFormat": "{{pool}} - {{kubernetes_pod_name}}",
          "range": true,
          "refId": "B"
        }
      ],
      "title": "Connection Wait",
      "type": "timeseries"
    },
    {
      "collapsed": false,
      "datasource": {
        "type": "prometheus",
        "uid": "prometheus"
      },
      "gridPos": {
        "h": 1,
        "w": 24,
        "x": 0,
        "y": 34
      },
      "id": 8,
      "panels": [],
      "targets": [
        {
          "datasource": {
            "type": "prometheus",
            "uid": "prometheus"
          },
          "refId": "A"
        }
      ],
      "title": "Gateway",
      "type": "row"
    },
    {
      "datasource": {
        "type": "prometheus",
        "uid": "prometheus"
      },
      "description": "",
      "fieldConfig": {
        "defaults": {
          "color": {
            "mode": "palette-classic"
          },
          "custom": {
            "axisCenteredZero": false,
            "axisColorMode": "text",
            "axisLabel": "",
            "axisPlacement": "auto",
            "barAlignment": 0,
            "drawStyle": "line",
            "fillOpacity": 15,
            "gradientMode": "none",
            "hideFrom": {
              "legend": false,
              "tooltip": false,
              "viz": false
            },
            "insertNulls": false,
            "lineInterpolation": "linear",
            "lineWidth": 1,
            "pointSize": 5,
            "scaleDistribution": {
              "type": "linear"
            },
            "showPoints": "never",
            "spanNulls": false,
            "stacking": {
              "group": "A",
              "mode": "none"
            },
            "thresholdsStyle": {
              "mode": "off"
            }
          },
          "mappings": [],
          "thresholds": {
            "mode": "absolute",
            "steps": [
              {
                "color": "green",
                "value": null
              },
              {
                "color": "red",
                "value": 80
              }
            ]
          },
          "unit": "reqps"
        },
        "overrides": [
          {
            "matcher": {
              "id": "byName",
              "options": "Http 200"
            },
            "properties": [
              {
                "id": "color",
                "value": {
                  "fixedColor": "green",
                  "mode": "fixed"
                }
              }
            ]
          }
        ]
      },
      "gridPos": {
        "h": 9,
        "w": 12,
        "x": 0,
        "y": 35
      },
      "id": 9,
      "options": {
        "legend": {
          "calcs": [],
          "displayMode": "list",
          "placement": "bottom",
          "showLegend": true
        },
        "tooltip": {
          "mode": "single",
          "sort": "none"
        }
      },
      "targets": [
        {
          "datasource": {
            "type": "prometheus",
            "uid": "prometheus"
          },
          "disableTextWrap": false,
          "editorMode": "code",
          "exemplar": true,
          "expr": "sum by(kubernetes_pod_name) (rate(http_server_requests_total{application=\"gio-am-gateway\", local=\"0.0.0.0:8092\", cluster=\"$cluster\", kubernetes_namespace=~\"$namespace\", kubernetes_pod_name=~\"$pod\", prometheus!=\"monitoring/prometheus-kube-prometheus-prometheus\"}[$__rate_interval]))",
          "fullMetaSearch": false,
          "hide": false,
          "includeNullMetadata": true,
          "interval": "",
          "legendFormat": "{{kubernetes_pod_name}}",
          "range": true,
          "refId": "A",
          "useBackend": false
        }
      ],
      "title": "Gateway http throughput",
      "type": "timeseries"
    },
    {
      "datasource": {
        "type": "prometheus",
        "uid": "prometheus"
      },
      "description": "",
      "fieldConfig": {
        "defaults": {
          "color": {
            "mode": "palette-classic"
          },
          "custom": {
            "axisCenteredZero": false,
            "axisColorMode": "text",
            "axisLabel": "",
            "axisPlacement": "auto",
            "barAlignment": 0,
            "drawStyle": "line",
            "fillOpacity": 0,
            "gradientMode": "none",
            "hideFrom": {
              "legend": false,
              "tooltip": false,
              "viz": false
            },
            "insertNulls": false,
            "lineInterpolation": "linear",
            "lineWidth": 1,
            "pointSize": 5,
            "scaleDistribution": {
              "type": "linear"
            },
            "showPoints": "auto",
            "spanNulls": false,
            "stacking": {
              "group": "A",
              "mode": "none"
            },
            "thresholdsStyle": {
              "mode": "off"
            }
          },
          "mappings": [],
          "thresholds": {
            "mode": "absolute",
            "steps": [
              {
                "color": "green",
                "value": null
              },
              {
                "color": "red",
                "value": 80
              }
            ]
          },
          "unit": "req."
        },
        "overrides": [
          {
            "matcher": {
              "id": "byName",
              "options": "conn. 0.0.0.0:8082"
            },
            "properties": [
              {
                "id": "color",
                "value": {
                  "fixedColor": "light-green",
                  "mode": "fixed"
                }
              },
              {
                "id": "custom.drawStyle",
                "value": "bars"
              },
              {
                "id": "custom.fillOpacity",
                "value": 20
              },
              {
                "id": "custom.lineWidth",
                "value": 0
              },
              {
                "id": "unit",
                "value": "conn."
              }
            ]
          }
        ]
      },
      "gridPos": {
        "h": 9,
        "w": 12,
        "x": 12,
        "y": 35
      },
      "id": 26,
      "options": {
        "legend": {
          "calcs": [],
          "displayMode": "list",
          "placement": "bottom",
          "showLegend": true
        },
        "tooltip": {
          "mode": "single",
          "sort": "none"
        }
      },
      "targets": [
        {
          "datasource": {
            "type": "prometheus",
            "uid": "prometheus"
          },
          "editorMode": "code",
          "exemplar": true,
          "expr": "http_server_active_requests{application=\"gio-am-gateway\", local=\"0.0.0.0:8092\", cluster=\"$cluster\", kubernetes_namespace=~\"$namespace\", kubernetes_pod_name=~\"$pod\", prometheus!=\"monitoring/prometheus-kube-prometheus-prometheus\"}",
          "instant": false,
          "interval": "",
          "legendFormat": "req. {{kubernetes_pod_name}} ({{method}})",
          "refId": "A"
        },
        {
          "datasource": {
            "type": "prometheus",
            "uid": "prometheus"
          },
          "editorMode": "code",
          "exemplar": true,
          "expr": "http_server_active_connections{application=\"gio-am-gateway\", local=\"0.0.0.0:8092\", cluster=\"$cluster\", kubernetes_namespace=~\"$namespace\", kubernetes_pod_name=~\"$pod\", prometheus!=\"monitoring/prometheus-kube-prometheus-prometheus\"}",
          "hide": false,
          "interval": "",
          "legendFormat": "conn. {{kubernetes_pod_name}}",
          "range": true,
          "refId": "B"
        }
      ],
      "title": "Gateway active requests & connections",
      "type": "timeseries"
    },
    {
      "datasource": {
        "type": "prometheus",
        "uid": "prometheus"
      },
      "description": "",
      "fieldConfig": {
        "defaults": {
          "color": {
            "mode": "palette-classic"
          },
          "custom": {
            "axisCenteredZero": false,
            "axisColorMode": "text",
            "axisLabel": "",
            "axisPlacement": "auto",
            "barAlignment": 0,
            "drawStyle": "line",
            "fillOpacity": 3,
            "gradientMode": "none",
            "hideFrom": {
              "legend": false,
              "tooltip": false,
              "viz": false
            },
            "insertNulls": false,
            "lineInterpolation": "linear",
            "lineWidth": 1,
            "pointSize": 5,
            "scaleDistribution": {
              "type": "linear"
            },
            "showPoints": "never",
            "spanNulls": false,
            "stacking": {
              "group": "A",
              "mode": "none"
            },
            "thresholdsStyle": {
              "mode": "off"
            }
          },
          "mappings": [],
          "thresholds": {
            "mode": "absolute",
            "steps": [
              {
                "color": "green",
                "value": null
              },
              {
                "color": "red",
                "value": 80
              }
            ]
          },
          "unit": "ms"
        },
        "overrides": []
      },
      "gridPos": {
        "h": 9,
        "w": 12,
        "x": 0,
        "y": 44
      },
      "id": 10,
      "options": {
        "legend": {
          "calcs": [],
          "displayMode": "list",
          "placement": "bottom",
          "showLegend": true
        },
        "tooltip": {
          "mode": "single",
          "sort": "none"
        }
      },
      "targets": [
        {
          "datasource": {
            "type": "prometheus",
            "uid": "prometheus"
          },
          "editorMode": "code",
          "exemplar": true,
          "expr": "(rate(http_server_response_time_seconds_sum{application=\"gio-am-gateway\", local=\"0.0.0.0:8092\", cluster=\"$cluster\", kubernetes_namespace=~\"$namespace\", kubernetes_pod_name=~\"$pod\", prometheus!=\"monitoring/prometheus-kube-prometheus-prometheus\"}[$__rate_interval]) / rate(http_server_response_time_seconds_count{application=\"gio-am-gateway\", local=\"0.0.0.0:8092\", cluster=\"$cluster\", kubernetes_namespace=~\"$namespace\", kubernetes_pod_name=~\"$pod\", prometheus!=\"monitoring/prometheus-kube-prometheus-prometheus\"}[$__rate_interval]) * 1000)",
          "instant": false,
          "interval": "",
          "legendFormat": "{{code}} - {{method}} - {{kubernetes_pod_name}}",
          "refId": "A"
        }
      ],
      "title": "Gateway http duration",
      "type": "timeseries"
    },
    {
      "datasource": {
        "type": "prometheus",
        "uid": "prometheus"
      },
      "description": "",
      "fieldConfig": {
        "defaults": {
          "color": {
            "mode": "palette-classic"
          },
          "custom": {
            "axisCenteredZero": false,
            "axisColorMode": "text",
            "axisLabel": "duration",
            "axisPlacement": "auto",
            "barAlignment": 0,
            "drawStyle": "line",
            "fillOpacity": 3,
            "gradientMode": "none",
            "hideFrom": {
              "legend": false,
              "tooltip": false,
              "viz": false
            },
            "insertNulls": false,
            "lineInterpolation": "linear",
            "lineWidth": 1,
            "pointSize": 5,
            "scaleDistribution": {
              "type": "linear"
            },
            "showPoints": "auto",
            "spanNulls": false,
            "stacking": {
              "group": "A",
              "mode": "none"
            },
            "thresholdsStyle": {
              "mode": "off"
            }
          },
          "mappings": [],
          "thresholds": {
            "mode": "absolute",
            "steps": [
              {
                "color": "green",
                "value": null
              },
              {
                "color": "red",
                "value": 80
              }
            ]
          },
          "unit": "ms"
        },
        "overrides": [
          {
            "matcher": {
              "id": "byName",
              "options": "latency"
            },
            "properties": [
              {
                "id": "color",
                "value": {
                  "fixedColor": "#00407f",
                  "mode": "fixed"
                }
              }
            ]
          }
        ]
      },
      "gridPos": {
        "h": 9,
        "w": 12,
        "x": 12,
        "y": 44
      },
      "id": 33,
      "options": {
        "legend": {
          "calcs": [],
          "displayMode": "list",
          "placement": "bottom",
          "showLegend": true
        },
        "tooltip": {
          "mode": "single",
          "sort": "none"
        }
      },
      "targets": [
        {
          "datasource": {
            "type": "prometheus",
            "uid": "prometheus"
          },
          "editorMode": "code",
          "exemplar": true,
          "expr": "rate(http_server_response_time_seconds_sum{application=\"gio-am-gateway\", local=\"0.0.0.0:8092\", cluster=\"$cluster\",kubernetes_namespace=~\"$namespace\", kubernetes_pod_name=~\"$pod\", prometheus!=\"monitoring/prometheus-kube-prometheus-prometheus\"}[$__rate_interval]) / rate(http_server_response_time_seconds_count{application=\"gio-am-gateway\", local=\"0.0.0.0:8092\", cluster=\"$cluster\",kubernetes_namespace=~\"$namespace\", kubernetes_pod_name=~\"$pod\", prometheus!=\"monitoring/prometheus-kube-prometheus-prometheus\"}[$__rate_interval]) * 1000",
          "hide": false,
          "instant": false,
          "interval": "",
          "legendFormat": "{{kubernetes_pod_name}} ({{method}})",
          "refId": "A"
        }
      ],
      "title": "Gateway http latency",
      "transformations": [
        {
          "id": "calculateField",
          "options": {
            "alias": "latency",
            "binary": {
              "left": "0.0.0.0:8082 (GET)",
              "operator": "-",
              "reducer": "sum",
              "right": "localhost:8080 (GET)"
            },
            "mode": "binary",
            "reduce": {
              "reducer": "diff"
            },
            "replaceFields": true
          }
        }
      ],
      "type": "timeseries"
    },
    {
      "collapsed": false,
      "datasource": {
        "type": "prometheus",
        "uid": "prometheus"
      },
      "gridPos": {
        "h": 1,
        "w": 24,
        "x": 0,
        "y": 53
      },
      "id": 40,
      "panels": [],
      "targets": [
        {
          "datasource": {
            "type": "prometheus",
            "uid": "prometheus"
          },
          "refId": "A"
        }
      ],
      "title": "Gateway JVM",
      "type": "row"
    },
    {
      "datasource": {
        "type": "prometheus",
        "uid": "prometheus"
      },
      "description": "",
      "fieldConfig": {
        "defaults": {
          "color": {
            "mode": "palette-classic"
          },
          "custom": {
            "axisCenteredZero": false,
            "axisColorMode": "text",
            "axisLabel": "",
            "axisPlacement": "auto",
            "barAlignment": 0,
            "drawStyle": "line",
            "fillOpacity": 15,
            "gradientMode": "none",
            "hideFrom": {
              "legend": false,
              "tooltip": false,
              "viz": false
            },
            "insertNulls": false,
            "lineInterpolation": "linear",
            "lineWidth": 1,
            "pointSize": 5,
            "scaleDistribution": {
              "type": "linear"
            },
            "showPoints": "never",
            "spanNulls": false,
            "stacking": {
              "group": "A",
              "mode": "none"
            },
            "thresholdsStyle": {
              "mode": "off"
            }
          },
          "mappings": [],
          "max": 1,
          "thresholds": {
            "mode": "absolute",
            "steps": [
              {
                "color": "green"
              },
              {
                "color": "red",
                "value": 80
              }
            ]
          },
          "unit": "percentunit"
        },
        "overrides": [
          {
            "matcher": {
              "id": "byName",
              "options": "cpu usage"
            },
            "properties": [
              {
                "id": "color",
                "value": {
                  "fixedColor": "super-light-orange",
                  "mode": "fixed"
                }
              }
            ]
          }
        ]
      },
      "gridPos": {
        "h": 8,
        "w": 12,
        "x": 0,
        "y": 54
      },
      "id": 16,
      "options": {
        "legend": {
          "calcs": [],
          "displayMode": "list",
          "placement": "bottom",
          "showLegend": true
        },
        "tooltip": {
          "mode": "single",
          "sort": "none"
        }
      },
      "targets": [
        {
          "datasource": {
            "type": "prometheus",
            "uid": "prometheus"
          },
          "disableTextWrap": false,
          "editorMode": "code",
          "exemplar": true,
          "expr": "process_cpu_usage{application=\"gio-am-gateway\", cluster=\"$cluster\", kubernetes_namespace=~\"$namespace\", kubernetes_pod_name=~\"$pod\",prometheus!=\"monitoring/prometheus-kube-prometheus-prometheus\"}",
          "fullMetaSearch": false,
          "hide": false,
          "includeNullMetadata": true,
          "interval": "",
          "legendFormat": "{{kubernetes_pod_name}}",
          "range": true,
          "refId": "A",
          "useBackend": false
        }
      ],
      "title": "Gateway jvm cpu usage",
      "type": "timeseries"
    },
    {
      "datasource": {
        "type": "prometheus",
        "uid": "prometheus"
      },
      "description": "",
      "fieldConfig": {
        "defaults": {
          "color": {
            "mode": "palette-classic"
          },
          "custom": {
            "axisCenteredZero": false,
            "axisColorMode": "text",
            "axisLabel": "",
            "axisPlacement": "auto",
            "barAlignment": 0,
            "drawStyle": "line",
            "fillOpacity": 15,
            "gradientMode": "none",
            "hideFrom": {
              "legend": false,
              "tooltip": false,
              "viz": false
            },
            "insertNulls": false,
            "lineInterpolation": "linear",
            "lineWidth": 1,
            "pointSize": 5,
            "scaleDistribution": {
              "type": "linear"
            },
            "showPoints": "never",
            "spanNulls": false,
            "stacking": {
              "group": "A",
              "mode": "none"
            },
            "thresholdsStyle": {
              "mode": "line"
            }
          },
          "mappings": [],
          "max": 1,
          "thresholds": {
            "mode": "absolute",
            "steps": [
              {
                "color": "green"
              },
              {
                "color": "yellow",
                "value": 0.65
              },
              {
                "color": "light-orange",
                "value": 0.8
              },
              {
                "color": "red",
                "value": 0.95
              }
            ]
          },
          "unit": "percentunit"
        },
        "overrides": [
          {
            "matcher": {
              "id": "byName",
              "options": "system cpu"
            },
            "properties": [
              {
                "id": "color",
                "value": {
                  "fixedColor": "super-light-orange",
                  "mode": "fixed"
                }
              }
            ]
          }
        ]
      },
      "gridPos": {
        "h": 8,
        "w": 6,
        "x": 12,
        "y": 54
      },
      "id": 18,
      "options": {
        "legend": {
          "calcs": [],
          "displayMode": "list",
          "placement": "bottom",
          "showLegend": true
        },
        "tooltip": {
          "mode": "single",
          "sort": "none"
        }
      },
      "targets": [
        {
          "datasource": {
            "type": "prometheus",
            "uid": "prometheus"
          },
          "disableTextWrap": false,
          "editorMode": "code",
          "exemplar": true,
          "expr": "system_cpu_usage{application=\"gio-am-gateway\", cluster=\"$cluster\", kubernetes_namespace=~\"$namespace\", kubernetes_pod_name=~\"$pod\", prometheus!=\"monitoring/prometheus-kube-prometheus-prometheus\"}",
          "fullMetaSearch": false,
          "hide": false,
          "includeNullMetadata": true,
          "interval": "",
          "legendFormat": "{{kubernetes_pod_name}}",
          "range": true,
          "refId": "A",
          "useBackend": false
        }
      ],
      "title": "Gateway system cpu usage",
      "type": "timeseries"
    },
    {
      "datasource": {
        "type": "prometheus",
        "uid": "prometheus"
      },
      "description": "",
      "fieldConfig": {
        "defaults": {
          "color": {
            "mode": "palette-classic"
          },
          "custom": {
            "axisCenteredZero": false,
            "axisColorMode": "text",
            "axisLabel": "",
            "axisPlacement": "auto",
            "barAlignment": 0,
            "drawStyle": "line",
            "fillOpacity": 15,
            "gradientMode": "none",
            "hideFrom": {
              "legend": false,
              "tooltip": false,
              "viz": false
            },
            "insertNulls": false,
            "lineInterpolation": "linear",
            "lineWidth": 1,
            "pointSize": 5,
            "scaleDistribution": {
              "type": "linear"
            },
            "showPoints": "never",
            "spanNulls": false,
            "stacking": {
              "group": "A",
              "mode": "none"
            },
            "thresholdsStyle": {
              "mode": "off"
            }
          },
          "mappings": [],
          "thresholds": {
            "mode": "absolute",
            "steps": [
              {
                "color": "green"
              },
              {
                "color": "red",
                "value": 80
              }
            ]
          },
          "unit": "none"
        },
        "overrides": [
          {
            "matcher": {
              "id": "byName",
              "options": "current cpu load"
            },
            "properties": [
              {
                "id": "color",
                "value": {
                  "fixedColor": "super-light-orange",
                  "mode": "fixed"
                }
              }
            ]
          },
          {
            "matcher": {
              "id": "byName",
              "options": "max cpu load"
            },
            "properties": [
              {
                "id": "color",
                "value": {
                  "fixedColor": "red",
                  "mode": "fixed"
                }
              },
              {
                "id": "custom.fillOpacity",
                "value": 0
              }
            ]
          }
        ]
      },
      "gridPos": {
        "h": 8,
        "w": 6,
        "x": 18,
        "y": 54
      },
      "id": 19,
      "options": {
        "legend": {
          "calcs": [],
          "displayMode": "list",
          "placement": "bottom",
          "showLegend": true
        },
        "tooltip": {
          "mode": "single",
          "sort": "none"
        }
      },
      "targets": [
        {
          "datasource": {
            "type": "prometheus",
            "uid": "prometheus"
          },
          "disableTextWrap": false,
          "editorMode": "code",
          "exemplar": true,
          "expr": "system_load_average_1m{application=\"gio-am-gateway\", cluster=\"$cluster\", kubernetes_namespace=~\"$namespace\", kubernetes_pod_name=~\"$pod\", prometheus!=\"monitoring/prometheus-kube-prometheus-prometheus\"}",
          "fullMetaSearch": false,
          "hide": false,
          "includeNullMetadata": true,
          "interval": "",
          "legendFormat": "{{kubernetes_pod_name}}",
          "range": true,
          "refId": "A",
          "useBackend": false
        },
        {
          "datasource": {
            "type": "prometheus",
            "uid": "prometheus"
          },
          "disableTextWrap": false,
          "editorMode": "code",
          "exemplar": true,
          "expr": "system_cpu_count{prometheus!=\"monitoring/prometheus-kube-prometheus-prometheus\", kubernetes_namespace=~\"$namespace\", kubernetes_pod_name=~\"$pod\", prometheus!=\"monitoring/prometheus-kube-prometheus-prometheus\"}",
          "fullMetaSearch": false,
          "hide": false,
          "includeNullMetadata": true,
          "interval": "",
          "legendFormat": "max cpu load - {{kubernetes_pod_name}}",
          "range": true,
          "refId": "B",
          "useBackend": false
        }
      ],
      "title": "Gateway system load average 1m",
      "type": "timeseries"
    },
    {
      "datasource": {
        "type": "prometheus",
        "uid": "prometheus"
      },
      "description": "",
      "fieldConfig": {
        "defaults": {
          "color": {
            "mode": "palette-classic"
          },
          "custom": {
            "axisCenteredZero": false,
            "axisColorMode": "text",
            "axisLabel": "",
            "axisPlacement": "auto",
            "barAlignment": 0,
            "drawStyle": "line",
            "fillOpacity": 15,
            "gradientMode": "none",
            "hideFrom": {
              "legend": false,
              "tooltip": false,
              "viz": false
            },
            "insertNulls": false,
            "lineInterpolation": "linear",
            "lineWidth": 1,
            "pointSize": 5,
            "scaleDistribution": {
              "type": "linear"
            },
            "showPoints": "never",
            "spanNulls": false,
            "stacking": {
              "group": "A",
              "mode": "none"
            },
            "thresholdsStyle": {
              "mode": "off"
            }
          },
          "mappings": [],
          "thresholds": {
            "mode": "absolute",
            "steps": [
              {
                "color": "green"
              },
              {
                "color": "red",
                "value": 80
              }
            ]
          },
          "unit": "bytes"
        },
        "overrides": [
          {
            "matcher": {
              "id": "byName",
              "options": "max heap"
            },
            "properties": [
              {
                "id": "color",
                "value": {
                  "fixedColor": "red",
                  "mode": "fixed"
                }
              },
              {
                "id": "custom.fillOpacity",
                "value": 0
              }
            ]
          },
          {
            "matcher": {
              "id": "byName",
              "options": "current heap"
            },
            "properties": [
              {
                "id": "color",
                "value": {
                  "fixedColor": "green",
                  "mode": "fixed"
                }
              }
            ]
          }
        ]
      },
      "gridPos": {
        "h": 8,
        "w": 12,
        "x": 0,
        "y": 62
      },
      "id": 17,
      "options": {
        "legend": {
          "calcs": [],
          "displayMode": "list",
          "placement": "bottom",
          "showLegend": true
        },
        "tooltip": {
          "mode": "single",
          "sort": "none"
        }
      },
      "targets": [
        {
          "datasource": {
            "type": "prometheus",
            "uid": "prometheus"
          },
          "disableTextWrap": false,
          "editorMode": "code",
          "exemplar": true,
          "expr": "sum by(kubernetes_pod_name) (jvm_memory_used_bytes{application=\"gio-am-gateway\", area=\"heap\", cluster=\"$cluster\", kubernetes_pod_name=~\"$pod\", kubernetes_namespace=~\"$namespace\", prometheus!=\"monitoring/prometheus-kube-prometheus-prometheus\"})",
          "fullMetaSearch": false,
          "hide": false,
          "includeNullMetadata": true,
          "interval": "",
          "legendFormat": "current heap - {{ kubernetes_pod_name }} ",
          "range": true,
          "refId": "A",
          "useBackend": false
        },
        {
          "datasource": {
            "type": "prometheus",
            "uid": "prometheus"
          },
          "disableTextWrap": false,
          "editorMode": "code",
          "exemplar": true,
          "expr": "sum by(kubernetes_pod_name) (jvm_memory_max_bytes{application=\"gio-am-gateway\", area=\"heap\", cluster=\"$cluster\", kubernetes_namespace=~\"$namespace\", prometheus!=\"monitoring/prometheus-kube-prometheus-prometheus\"})",
          "fullMetaSearch": false,
          "hide": false,
          "includeNullMetadata": true,
          "interval": "",
          "legendFormat": "max heap - {{ kubernetes_pod_name }} ",
          "range": true,
          "refId": "B",
          "useBackend": false
        }
      ],
      "title": "Gateway heap usage",
      "type": "timeseries"
    },
    {
      "datasource": {
        "type": "prometheus",
        "uid": "prometheus"
      },
      "description": "",
      "fieldConfig": {
        "defaults": {
          "color": {
            "mode": "palette-classic"
          },
          "custom": {
            "axisCenteredZero": false,
            "axisColorMode": "text",
            "axisLabel": "",
            "axisPlacement": "auto",
            "barAlignment": 0,
            "drawStyle": "line",
            "fillOpacity": 15,
            "gradientMode": "none",
            "hideFrom": {
              "legend": false,
              "tooltip": false,
              "viz": false
            },
            "insertNulls": false,
            "lineInterpolation": "linear",
            "lineWidth": 1,
            "pointSize": 5,
            "scaleDistribution": {
              "type": "linear"
            },
            "showPoints": "never",
            "spanNulls": false,
            "stacking": {
              "group": "A",
              "mode": "none"
            },
            "thresholdsStyle": {
              "mode": "off"
            }
          },
          "mappings": [],
          "thresholds": {
            "mode": "absolute",
            "steps": [
              {
                "color": "green"
              },
              {
                "color": "red",
                "value": 80
              }
            ]
          },
          "unit": "bytes"
        },
        "overrides": []
      },
      "gridPos": {
        "h": 8,
        "w": 12,
        "x": 12,
        "y": 62
      },
      "id": 34,
      "options": {
        "legend": {
          "calcs": [],
          "displayMode": "list",
          "placement": "bottom",
          "showLegend": true
        },
        "tooltip": {
          "mode": "single",
          "sort": "none"
        }
      },
      "targets": [
        {
          "datasource": {
            "type": "prometheus",
            "uid": "prometheus"
          },
          "disableTextWrap": false,
          "editorMode": "code",
          "exemplar": true,
          "expr": "sum by(id, kubernetes_pod_name) (jvm_memory_used_bytes{application=\"gio-am-gateway\", cluster=\"$cluster\", kubernetes_namespace=~\"$namespace\", kubernetes_pod_name=~\"$pod\", prometheus!=\"monitoring/prometheus-kube-prometheus-prometheus\"})",
          "fullMetaSearch": false,
          "hide": false,
          "includeNullMetadata": true,
          "interval": "",
          "legendFormat": "{{id}}-{{kubernetes_pod_name}}",
          "range": true,
          "refId": "A",
          "useBackend": false
        }
      ],
      "title": "Gateway jvm memory usage",
      "type": "timeseries"
    },
    {
      "datasource": {
        "type": "prometheus",
        "uid": "prometheus"
      },
      "description": "",
      "fieldConfig": {
        "defaults": {
          "color": {
            "mode": "palette-classic"
          },
          "custom": {
            "axisCenteredZero": false,
            "axisColorMode": "text",
            "axisLabel": "",
            "axisPlacement": "auto",
            "barAlignment": 0,
            "drawStyle": "line",
            "fillOpacity": 15,
            "gradientMode": "none",
            "hideFrom": {
              "legend": false,
              "tooltip": false,
              "viz": false
            },
            "insertNulls": false,
            "lineInterpolation": "linear",
            "lineWidth": 1,
            "pointSize": 5,
            "scaleDistribution": {
              "type": "linear"
            },
            "showPoints": "never",
            "spanNulls": false,
            "stacking": {
              "group": "A",
              "mode": "none"
            },
            "thresholdsStyle": {
              "mode": "off"
            }
          },
          "mappings": [],
          "thresholds": {
            "mode": "absolute",
            "steps": [
              {
                "color": "green"
              },
              {
                "color": "red",
                "value": 80
              }
            ]
          },
          "unit": "s"
        },
        "overrides": [
          {
            "matcher": {
              "id": "byName",
              "options": "G1 Evacuation Pause"
            },
            "properties": [
              {
                "id": "color",
                "value": {
                  "fixedColor": "blue",
                  "mode": "fixed"
                }
              }
            ]
          },
          {
            "matcher": {
              "id": "byName",
              "options": "Metadata GC Threshold"
            },
            "properties": [
              {
                "id": "color",
                "value": {
                  "fixedColor": "purple",
                  "mode": "fixed"
                }
              }
            ]
          }
        ]
      },
      "gridPos": {
        "h": 8,
        "w": 12,
        "x": 0,
        "y": 70
      },
      "id": 41,
      "options": {
        "legend": {
          "calcs": [],
          "displayMode": "list",
          "placement": "bottom",
          "showLegend": true
        },
        "tooltip": {
          "mode": "single",
          "sort": "none"
        }
      },
      "targets": [
        {
          "datasource": {
            "type": "prometheus",
            "uid": "prometheus"
          },
          "disableTextWrap": false,
          "editorMode": "code",
          "exemplar": true,
          "expr": "rate(jvm_gc_pause_seconds_sum{application=\"gio-am-gateway\", cluster=\"$cluster\", kubernetes_pod_name=~\"$pod\", kubernetes_namespace=~\"$namespace\", prometheus!=\"monitoring/prometheus-kube-prometheus-prometheus\"}[$__rate_interval])",
          "fullMetaSearch": false,
          "hide": false,
          "includeNullMetadata": true,
          "interval": "",
          "intervalFactor": 1,
          "legendFormat": "{{cause}} - {{ kubernetes_pod_name }}",
          "range": true,
          "refId": "A",
          "useBackend": false
        }
      ],
      "title": "Gateway jvm gc",
      "type": "timeseries"
    },
    {
      "datasource": {
        "type": "prometheus",
        "uid": "prometheus"
      },
      "description": "",
      "fieldConfig": {
        "defaults": {
          "color": {
            "mode": "palette-classic"
          },
          "custom": {
            "axisCenteredZero": false,
            "axisColorMode": "text",
            "axisLabel": "",
            "axisPlacement": "auto",
            "barAlignment": 0,
            "drawStyle": "line",
            "fillOpacity": 15,
            "gradientMode": "none",
            "hideFrom": {
              "legend": false,
              "tooltip": false,
              "viz": false
            },
            "insertNulls": false,
            "lineInterpolation": "linear",
            "lineWidth": 1,
            "pointSize": 5,
            "scaleDistribution": {
              "type": "linear"
            },
            "showPoints": "never",
            "spanNulls": false,
            "stacking": {
              "group": "A",
              "mode": "none"
            },
            "thresholdsStyle": {
              "mode": "off"
            }
          },
          "mappings": [],
          "thresholds": {
            "mode": "absolute",
            "steps": [
              {
                "color": "green"
              },
              {
                "color": "red",
                "value": 80
              }
            ]
          },
          "unit": "bytes"
        },
        "overrides": [
          {
            "matcher": {
              "id": "byName",
              "options": "Total memory"
            },
            "properties": [
              {
                "id": "color",
                "value": {
                  "fixedColor": "blue",
                  "mode": "fixed"
                }
              }
            ]
          }
        ]
      },
      "gridPos": {
        "h": 8,
        "w": 12,
        "x": 12,
        "y": 70
      },
      "id": 35,
      "options": {
        "legend": {
          "calcs": [],
          "displayMode": "list",
          "placement": "bottom",
          "showLegend": true
        },
        "tooltip": {
          "mode": "single",
          "sort": "none"
        }
      },
      "targets": [
        {
          "datasource": {
            "type": "prometheus",
            "uid": "prometheus"
          },
          "disableTextWrap": false,
          "editorMode": "builder",
          "exemplar": true,
          "expr": "sum by(kubernetes_pod_name) (jvm_memory_used_bytes{application=\"gio-am-gateway\", cluster=\"$cluster\", kubernetes_pod_name=~\"$pod\", kubernetes_namespace=~\"$namespace\", prometheus!=\"monitoring/prometheus-kube-prometheus-prometheus\"})",
          "fullMetaSearch": false,
          "hide": false,
          "includeNullMetadata": true,
          "interval": "",
          "legendFormat": "Total memory - {{kubernetes_pod_name}}",
          "range": true,
          "refId": "A",
          "useBackend": false
        }
      ],
      "title": "Gateway jvm total memory usage",
      "type": "timeseries"
    }
  ],
  "refresh": "",
  "schemaVersion": 38,
  "style": "dark",
  "tags": [],
  "templating": {
    "list": [
      {
        "description": "K6 will maybe push data at different intervals that the scrap one, meaning it would be hard to use the default $__rate_interval.",
        "hide": 2,
        "label": "",
        "name": "k6_rate_interval",
        "query": "10s",
        "skipUrlSync": false,
        "type": "constant"
      },
      {
        "current": {
          "selected": false,
          "text": "performance-test",
          "value": "performance-test"
        },
        "datasource": {
          "type": "prometheus",
          "uid": "prometheus"
        },
        "definition": "label_values(cluster)",
        "description": "",
        "hide": 0,
        "includeAll": false,
        "label": "Cluster",
        "multi": false,
        "name": "cluster",
        "options": [],
        "query": {
          "query": "label_values(cluster)",
          "refId": "StandardVariableQuery"
        },
        "refresh": 1,
        "regex": "",
        "skipUrlSync": false,
        "sort": 0,
        "type": "query"
      },
      {
        "current": {
          "selected": true,
          "text": [
            "All"
          ],
          "value": [
            "$__all"
          ]
        },
        "datasource": {
          "type": "prometheus",
          "uid": "prometheus"
        },
        "definition": "label_values(kubernetes_pod_name)",
        "hide": 0,
        "includeAll": true,
        "label": "Pod",
        "multi": true,
        "name": "pod",
        "options": [],
        "query": {
          "query": "label_values(kubernetes_pod_name)",
          "refId": "PrometheusVariableQueryEditor-VariableQuery"
        },
        "refresh": 2,
        "regex": "/.*am.*/",
        "skipUrlSync": false,
        "sort": 0,
        "type": "query"
      },
      {
        "current": {
          "selected": true,
          "text": [
            "am-4-2-perf"
          ],
          "value": [
            "am-4-2-perf"
          ]
        },
        "datasource": {
          "type": "prometheus",
          "uid": "prometheus"
        },
        "definition": "label_values(kubernetes_namespace)",
        "hide": 0,
        "includeAll": false,
        "label": "Namespace",
        "multi": true,
        "name": "namespace",
        "options": [],
        "query": {
          "query": "label_values(kubernetes_namespace)",
          "refId": "PrometheusVariableQueryEditor-VariableQuery"
        },
        "refresh": 1,
        "regex": "",
        "skipUrlSync": false,
        "sort": 0,
        "type": "query"
      }
    ]
  },
  "time": {
    "from": "2024-01-22T06:45:21.261Z",
    "to": "2024-01-22T07:08:45.284Z"
  },
  "timepicker": {},
  "timezone": "browser",
  "title": "AM Gateway - RDBMS",
  "uid": "d9de70a6-5a50-450c-9226-36efe9fc29e2",
  "version": 2,
  "weekStart": "monday"
}
