uid,role,description,controller,function,table,uacl,oacl,hidden,entity,Notes
AUTHENTICATED,Authenticated,,fin,,,READ,,,,
AUTHENTICATED,Authenticated,,fin,bank,,READ,,,,
AUTHENTICATED,Authenticated,,gis,,,READ,,,,
AUTHENTICATED,Authenticated,,med,,,READ,,,,
AUTHENTICATED,Authenticated,,med,hospital,,READ,,,,
AUTHENTICATED,Authenticated,,med,pharmacy,,READ,,,,
AUTHENTICATED,Authenticated,,org,organisation,,READ,,,,
AUTHENTICATED,Authenticated,,,,org_organisation,READ,,,,
AUTHENTICATED,Authenticated,,transport,,,READ,,,,
AUTHENTICATED,Authenticated,,transport,airport,,READ,,,,
AUTHENTICATED,Authenticated,,transport,airplane,,READ,,,,
ORG_ADMIN,Organisation Admin,Permission assigned at Organization Level,admin,user,,CREATE|READ|UPDATE|DELETE,,,,
ORG_ADMIN,Organisation Admin,Permission assigned at Organization Level,br,,,CREATE|READ|UPDATE|DELETE,,,,
ORG_ADMIN,Organisation Admin,Permission assigned at Organization Level,,,br_case,CREATE|READ|UPDATE|DELETE,,,,
ORG_ADMIN,Organisation Admin,Permission assigned at Organization Level,,,br_case_activity,CREATE|READ|UPDATE|DELETE,,,,
ORG_ADMIN,Organisation Admin,Permission assigned at Organization Level,,,gis_route,CREATE|READ|UPDATE|DELETE,,,,
ORG_ADMIN,Organisation Admin,Permission assigned at Organization Level,fin,bank,,CREATE|READ|UPDATE,,,,
ORG_ADMIN,Organisation Admin,Permission assigned at Organization Level,fin,broker,,CREATE|READ|UPDATE|DELETE,,,,
ORG_ADMIN,Organisation Admin,Permission assigned at Organization Level,,,fin_broker,CREATE|READ|UPDATE|DELETE,,,,
ORG_ADMIN,Organisation Admin,Permission assigned at Organization Level,hrm,person,,CREATE|READ|UPDATE|DELETE,,,,
ORG_ADMIN,Organisation Admin,Permission assigned at Organization Level,hrm,staff,,CREATE|READ|UPDATE|DELETE,,,,
ORG_ADMIN,Organisation Admin,Permission assigned at Organization Level,,,hrm_human_resource,CREATE|READ|UPDATE|DELETE,,,,
ORG_ADMIN,Organisation Admin,Permission assigned at Organization Level,med,hospital,,CREATE|READ|UPDATE|DELETE,,,,
ORG_ADMIN,Organisation Admin,Permission assigned at Organization Level,med,pharmacy,,CREATE|READ|UPDATE|DELETE,,,,
ORG_ADMIN,Organisation Admin,Permission assigned at Organization Level,org,organisation,,CREATE|READ|UPDATE,,,,
ORG_ADMIN,Organisation Admin,Permission assigned at Organization Level,,,org_organisation,READ|UPDATE,,,,
ORG_ADMIN,Organisation Admin,Permission assigned at Organization Level,pr,contact,,CREATE|READ|UPDATE|DELETE,,,,
ORG_ADMIN,Organisation Admin,Permission assigned at Organization Level,pr,contact_emergency,,CREATE|READ|UPDATE|DELETE,,,,
ORG_ADMIN,Organisation Admin,Permission assigned at Organization Level,,,pr_address,CREATE|READ|UPDATE|DELETE,,,,
ORG_ADMIN,Organisation Admin,Permission assigned at Organization Level,,,pr_contact,CREATE|READ|UPDATE|DELETE,,,,
ORG_ADMIN,Organisation Admin,Permission assigned at Organization Level,,,pr_contact_emergency,CREATE|READ|UPDATE|DELETE,,,,
ORG_ADMIN,Organisation Admin,Permission assigned at Organization Level,,,pr_group_membership,CREATE|READ|UPDATE|DELETE,,,,
ORG_ADMIN,Organisation Admin,Permission assigned at Organization Level,,,pr_person,CREATE|READ|UPDATE|DELETE,,,,
ORG_ADMIN,Organisation Admin,Permission assigned at Organization Level,,,pr_person_details,CREATE|READ|UPDATE|DELETE,,,,
ORG_ADMIN,Organisation Admin,Permission assigned at Organization Level,project,task,,CREATE|READ|UPDATE|DELETE,,,,
ORG_ADMIN,Organisation Admin,Permission assigned at Organization Level,transport,airport,,CREATE|READ|UPDATE,,,,
ORG_ADMIN,Organisation Admin,Permission assigned at Organization Level,transport,airplane,,CREATE|READ|UPDATE,,,,
ORG_ADMIN,Organisation Admin,Permission assigned at Organization Level,transport,flight,,CREATE|READ|UPDATE|DELETE,,,,
ORG_ADMIN,Organisation Admin,Permission assigned at Organization Level,,,transport_flight,CREATE|READ|UPDATE|DELETE,,,,
ORG_ADMIN_RW,Organisation Admin (RW),Permission assigned at Organization Forum Level,cr,,,CREATE|READ|UPDATE|DELETE,,true,,
ORG_ADMIN_RW,Organisation Admin (RW),Permission assigned at Organization Forum Level,event,incident_report,,CREATE|READ|UPDATE|DELETE,,true,,
ORG_ADMIN_RW,Organisation Admin (RW),Permission assigned at Organization Forum Level,,,gis_route,CREATE|READ|UPDATE|DELETE,,true,,
ORG_ADMIN_RW,Organisation Admin (RW),Permission assigned at Organization Forum Level,,,inv_inv_item,CREATE|READ|UPDATE|DELETE,,true,,
ORG_ADMIN_RW,Organisation Admin (RW),Permission assigned at Organization Forum Level,,,inv_warehouse,CREATE|READ|UPDATE|DELETE,,true,,
ORG_ADMIN_RW,Organisation Admin (RW),Permission assigned at Organization Forum Level,med,contact,,CREATE|READ|UPDATE,,true,,
ORG_ADMIN_RW,Organisation Admin (RW),Permission assigned at Organization Forum Level,,,med_contact,CREATE|READ|UPDATE,,true,,
ORG_ADMIN_RW,Organisation Admin (RW),Permission assigned at Organization Forum Level,security,,,CREATE|READ|UPDATE|DELETE,,true,,
ORG_ADMIN_RO,Organisation Admin (RO),Permission assigned at Organization Forum Level,br,,,READ,,true,,Shared Cases
ORG_ADMIN_RO,Organisation Admin (RO),Permission assigned at Organization Forum Level,,,br_case,READ,,true,,Shared Cases
ORG_ADMIN_RO,Organisation Admin (RO),Permission assigned at Organization Forum Level,,,br_case_activity,READ,,true,,Shared Cases
ORG_ADMIN_RO,Organisation Admin (RO),Permission assigned at Organization Forum Level,cr,,,READ,,true,,
ORG_ADMIN_RO,Organisation Admin (RO),Permission assigned at Organization Forum Level,event,incident_report,,READ,,true,,
ORG_ADMIN_RO,Organisation Admin (RO),Permission assigned at Organization Forum Level,,,inv_inv_item,READ,,true,,
ORG_ADMIN_RO,Organisation Admin (RO),Permission assigned at Organization Forum Level,,,inv_warehouse,READ,,true,,
ORG_ADMIN_RO,Organisation Admin (RO),Permission assigned at Organization Forum Level,,,med_contact,READ,,true,,
ORG_ADMIN_RO,Organisation Admin (RO),Permission assigned at Organization Forum Level,,,pr_address,READ,,true,,Shared Cases
ORG_ADMIN_RO,Organisation Admin (RO),Permission assigned at Organization Forum Level,,,pr_contact,READ,,true,,Shared Cases
ORG_ADMIN_RO,Organisation Admin (RO),Permission assigned at Organization Forum Level,,,pr_contact_emergency,READ,,true,,Shared Cases
ORG_ADMIN_RO,Organisation Admin (RO),Permission assigned at Organization Forum Level,,,pr_group_membership,READ,,true,,Shared Cases
ORG_ADMIN_RO,Organisation Admin (RO),Permission assigned at Organization Forum Level,,,pr_person,READ,,true,,Shared Cases
ORG_ADMIN_RO,Organisation Admin (RO),Permission assigned at Organization Forum Level,,,pr_person_details,READ,,true,,Shared Cases
ORG_ADMIN_RO,Organisation Admin (RO),Permission assigned at Organization Forum Level,security,,,READ,,true,,
ORG_ADMIN_RO,Organisation Admin (RO),Permission assigned at Organization Forum Level,,,transport_flight,READ,,true,,
ORG_ADMIN_RO,Organisation Admin (RO),Permission assigned at Organization Forum Level,project,task,,CREATE|READ|UPDATE,READ|UPDATE|DELETE,true,,
ORG_MEMBER,Organization Member,Organization Level Permissions,cr,,,READ,,true,,
ORG_MEMBER,Organization Member,Organization Level Permissions,event,incident_report,,CREATE|READ,READ|UPDATE,true,,
ORG_MEMBER,Organization Member,Organization Level Permissions,,,fin_broker,READ,,true,,
ORG_MEMBER,Organization Member,Organization Level Permissions,,,inv_inv_item,READ,,true,,
ORG_MEMBER,Organization Member,Organization Level Permissions,,,inv_warehouse,READ,,true,,
ORG_MEMBER,Organization Member,Organization Level Permissions,,,med_contact,READ,,true,,
ORG_MEMBER,Organization Member,Organization Level Permissions,security,,,READ,,true,,
ORG_MEMBER,Organization Member,Organization Level Permissions,,,transport_flight,READ,,true,,
CASE_MANAGER,Case Manager,Permission assigned at Personal Level,br,,,CREATE|READ|UPDATE|DELETE,,,,
CASE_MANAGER,Case Manager,Permission assigned at Personal Level,,,br_case,READ|UPDATE,,,,
CASE_MANAGER,Case Manager,Permission assigned at Personal Level,,,br_case_activity,CREATE|READ|UPDATE,,,,
CASE_MANAGER,Case Manager,Permission assigned at Personal Level,,,gis_route,CREATE|READ|UPDATE|DELETE,,,,
CASE_MANAGER,Case Manager,Permission assigned at Personal Level,pr,contact,,CREATE|READ|UPDATE|DELETE,,,,
CASE_MANAGER,Case Manager,Permission assigned at Personal Level,pr,contact_emergency,,CREATE|READ|UPDATE|DELETE,,,,
CASE_MANAGER,Case Manager,Permission assigned at Personal Level,,,pr_address,CREATE|READ|UPDATE|DELETE,,,,
CASE_MANAGER,Case Manager,Permission assigned at Personal Level,,,pr_contact,CREATE|READ|UPDATE|DELETE,,,,
CASE_MANAGER,Case Manager,Permission assigned at Personal Level,,,pr_contact_emergency,CREATE|READ|UPDATE|DELETE,,,,
CASE_MANAGER,Case Manager,Permission assigned at Personal Level,,,pr_group_membership,CREATE|READ|UPDATE|DELETE,,,,
CASE_MANAGER,Case Manager,Permission assigned at Personal Level,,,pr_person,READ|UPDATE,,,,
CASE_MANAGER,Case Manager,Permission assigned at Personal Level,,,pr_person_details,CREATE|READ|UPDATE|DELETE,,,,
CASE_MANAGER,Case Manager,Permission assigned at Personal Level,project,task,,CREATE|READ|UPDATE,READ|UPDATE|DELETE,,,
CASE_SUPER,Case Supervisor,Permission assigned at Personal Level,br,,,CREATE|READ|UPDATE|DELETE,,,,
CASE_SUPER,Case Supervisor,Permission assigned at Personal Level,,,br_case,READ|UPDATE,,,,
CASE_SUPER,Case Supervisor,Permission assigned at Personal Level,,,br_case_activity,CREATE|READ|UPDATE,,,,
CASE_SUPER,Case Supervisor,Permission assigned at Personal Level,,,gis_route,CREATE|READ|UPDATE|DELETE,,,,
CASE_SUPER,Case Supervisor,Permission assigned at Personal Level,hrm,person,,READ,,,,
CASE_SUPER,Case Supervisor,Permission assigned at Personal Level,hrm,staff,,READ,,,,
CASE_SUPER,Case Supervisor,Permission assigned at Personal Level,,,hrm_human_resource,READ,,,,
CASE_SUPER,Case Supervisor,Permission assigned at Personal Level,pr,contact,,CREATE|READ|UPDATE|DELETE,,,,
CASE_SUPER,Case Supervisor,Permission assigned at Personal Level,pr,contact_emergency,,CREATE|READ|UPDATE|DELETE,,,,
CASE_SUPER,Case Supervisor,Permission assigned at Personal Level,,,pr_address,CREATE|READ|UPDATE|DELETE,,,,
CASE_SUPER,Case Supervisor,Permission assigned at Personal Level,,,pr_contact,CREATE|READ|UPDATE|DELETE,,,,
CASE_SUPER,Case Supervisor,Permission assigned at Personal Level,,,pr_contact_emergency,CREATE|READ|UPDATE|DELETE,,,,
CASE_SUPER,Case Supervisor,Permission assigned at Personal Level,,,pr_group_membership,CREATE|READ|UPDATE|DELETE,,,,
CASE_SUPER,Case Supervisor,Permission assigned at Personal Level,,,pr_person,READ|UPDATE,,,,
CASE_SUPER,Case Supervisor,Permission assigned at Personal Level,,,pr_person_details,CREATE|READ|UPDATE|DELETE,,,,
CASE_SUPER,Case Supervisor,Permission assigned at Personal Level,project,task,,CREATE|READ|UPDATE,READ|UPDATE|DELETE,,,
FLIGHTS,Flight Manifests Working Group,Permission assigned at Personal Level,br,,,CREATE|READ|UPDATE,,,,
FLIGHTS,Flight Manifests Working Group,Permission assigned at Personal Level,,,br_case_activity,CREATE|READ|UPDATE,,,,
FLIGHTS,Flight Manifests Working Group,Permission assigned at Personal Level,project,task,,CREATE|READ|UPDATE|DELETE,,,,
FLIGHTS,Flight Manifests Working Group,Permission assigned at Personal Level,transport,airport,,CREATE|READ|UPDATE,,,any,
FLIGHTS,Flight Manifests Working Group,Permission assigned at Personal Level,transport,airplane,,CREATE|READ|UPDATE,,,any,
FLIGHTS_RW,Flight Manifests Working Group (Organizational RW),Read/Write Permission assigned at Organizational WG Level,transport,flight,,CREATE|READ|UPDATE|DELETE,,true,,
FLIGHTS_RW,Flight Manifests Working Group (Organizational RW),Read/Write Permission assigned at Organizational WG Level,,,transport_flight,CREATE|READ|UPDATE|DELETE,,true,,
FLIGHTS_RO,Flight Manifests Working Group (Organizational RO),Read-Only Permission assigned at Organizational WG Level,,,transport_flight,READ,,true,,
FLIGHTS_RO,Flight Manifests Working Group (Organizational RO),Read-Only Permission assigned at Organizational WG Level,project,task,,CREATE|READ|UPDATE,READ|UPDATE|DELETE,true,,
LEGAL,Legal Working Group,Permission assigned at Personal Level,br,,,CREATE|READ|UPDATE,,,,
LEGAL,Legal Working Group,Permission assigned at Personal Level,,,br_case_activity,CREATE|READ|UPDATE,,,,
LEGAL,Legal Working Group,Permission assigned at Personal Level,project,task,,CREATE|READ|UPDATE,READ|UPDATE|DELETE,,,
LEGAL_RO,Legal Working Group (Organizational RO),Read-Only Permission assigned at Organizational WG Level,project,task,,CREATE|READ|UPDATE,READ|UPDATE|DELETE,true,,
LOGISTICS,Logistics Working Group,Permission assigned at Personal Level,br,,,CREATE|READ|UPDATE,,,,
LOGISTICS,Logistics Working Group,Permission assigned at Personal Level,,,br_case_activity,CREATE|READ|UPDATE,,,,
LOGISTICS,Logistics Working Group,Permission assigned at Personal Level,fin,bank,,CREATE|READ|UPDATE,,,,
LOGISTICS,Logistics Working Group,Permission assigned at Personal Level,project,task,,CREATE|READ|UPDATE,READ|UPDATE|DELETE,,,
LOGISTICS_RW,Logistics Working Group (Organizational RW),Read/Write Permission assigned at Organizational WG Level,cr,,,CREATE|READ|UPDATE|DELETE,,true,,
LOGISTICS_RW,Logistics Working Group (Organizational RW),Read/Write Permission assigned at Organizational WG Level,fin,broker,,CREATE|READ|UPDATE|DELETE,,true,,
LOGISTICS_RW,Logistics Working Group (Organizational RW),Read/Write Permission assigned at Organizational WG Level,,,fin_broker,CREATE|READ|UPDATE|DELETE,,true,,
LOGISTICS_RW,Logistics Working Group (Organizational RW),Read/Write Permission assigned at Organizational WG Level,,,inv_inv_item,CREATE|READ|UPDATE|DELETE,,true,,
LOGISTICS_RW,Logistics Working Group (Organizational RW),Read/Write Permission assigned at Organizational WG Level,,,inv_warehouse,CREATE|READ|UPDATE|DELETE,,true,,
LOGISTICS_RO,Logistics Working Group (Organizational RO),Read-Only Permission assigned at Organizational WG Level,cr,,,READ,,true,,
LOGISTICS_RO,Logistics Working Group (Organizational RO),Read-Only Permission assigned at Organizational WG Level,,,fin_broker,READ,,true,,
LOGISTICS_RO,Logistics Working Group (Organizational RO),Read-Only Permission assigned at Organizational WG Level,,,inv_inv_item,READ,,true,,
LOGISTICS_RO,Logistics Working Group (Organizational RO),Read-Only Permission assigned at Organizational WG Level,,,inv_warehouse,READ,,true,,
LOGISTICS_RO,Logistics Working Group (Organizational RO),Read-Only Permission assigned at Organizational WG Level,project,task,,CREATE|READ|UPDATE,READ|UPDATE|DELETE,true,,
MEDICAL,Medical Working Group,Permission assigned at Personal Level,br,,,CREATE|READ|UPDATE,,,,
MEDICAL,Medical Working Group,Permission assigned at Personal Level,,,br_case_activity,CREATE|READ|UPDATE,,,,
MEDICAL,Medical Working Group,Permission assigned at Personal Level,med,hospital,,CREATE|READ|UPDATE|DELETE,,,,
MEDICAL,Medical Working Group,Permission assigned at Personal Level,med,pharmacy,,CREATE|READ|UPDATE|DELETE,,,,
MEDICAL,Medical Working Group,Permission assigned at Personal Level,project,task,,CREATE|READ|UPDATE|DELETE,,,,
MEDICAL_RW,Medical Working Group (Organizational RW),Read/Write Permission assigned at Organizational WG Level,med,contact,,CREATE|READ|UPDATE|DELETE,,true,,
MEDICAL_RW,Medical Working Group (Organizational RW),Read/Write Permission assigned at Organizational WG Level,,,med_contact,CREATE|READ|UPDATE|DELETE,,true,,
MEDICAL_RO,Medical Working Group (Organizational RO),Read-Only Permission assigned at Organizational WG Level,,,med_contact,READ,,true,,
MEDICAL_RO,Medical Working Group (Organizational RO),Read-Only Permission assigned at Organizational WG Level,project,task,,CREATE|READ|UPDATE,READ|UPDATE|DELETE,true,,
SECURITY,Security Working Group,Permission assigned at Personal Level,br,,,CREATE|READ|UPDATE,,,,
SECURITY,Security Working Group,Permission assigned at Personal Level,,,br_case_activity,CREATE|READ|UPDATE,,,,
SECURITY,Security Working Group,Permission assigned at Personal Level,,,gis_route,CREATE|READ|UPDATE,,,,
SECURITY,Security Working Group,Permission assigned at Personal Level,project,task,,CREATE|READ|UPDATE,READ|UPDATE|DELETE,,,
SECURITY_RW,Security Working Group (Organizational RW),Read/Write Permission assigned at Organizational WG Level,security,,,CREATE|READ|UPDATE|DELETE,,true,,
SECURITY_RO,Security Working Group (Organizational RO),Read-only Permission assigned at Organizational WG Level,cr,,,READ,,true,,
SECURITY_RO,Security Working Group (Organizational RO),Read-only Permission assigned at Organizational WG Level,,,fin_broker,READ,,true,,
SECURITY_RO,Security Working Group (Organizational RO),Read-only Permission assigned at Organizational WG Level,,,inv_inv_item,READ,,true,,
SECURITY_RO,Security Working Group (Organizational RO),Read-only Permission assigned at Organizational WG Level,,,inv_warehouse,READ,,true,,
SECURITY_RO,Security Working Group (Organizational RO),Read-only Permission assigned at Organizational WG Level,security,,,READ,,true,,
SECURITY_RO,Security Working Group (Organizational RO),Read-only Permission assigned at Organizational WG Level,project,task,,CREATE|READ|UPDATE,READ|UPDATE|DELETE,true,,
