{
	"id": "e134e52b-b357-41e8-9f82-0c89b1b5c265",
	"name": "gravitee.io am - docker",
	"values": [
		{
			"key": "management_url",
			"value": "http://localhost/am",
			"description": {
				"content": "",
				"type": "text/plain"
			},
			"enabled": true
		},
		{
			"key": "gateway_url",
			"value": "http://localhost/am",
			"description": {
				"content": "",
				"type": "text/plain"
			},
			"enabled": true
		},
		{
			"key": "internal_gateway_url",
			"value": "http://gateway:8092",
			"description": {
				"content": "",
				"type": "text/plain"
			},
			"enabled": true
		},
		{
			"key": "defaultOrganizationId",
			"value": "DEFAULT",
			"description": {
				"content": "",
				"type": "text/plain"
			},
			"enabled": true
		},
		{
			"key": "defaultEnvironmentId",
			"value": "DEFAULT",
			"description": {
				"content": "",
				"type": "text/plain"
			},
			"enabled": true
		},
		{
			"key": "cibaExternalServiceNotifierBaseUrl",
			"value": "http://localhost:8080/ciba",
			"description": {
				"content": "",
				"type": "text/plain"
			},
			"enabled": true
		},
		{
			"key": "cibaInternalDelegateServiceBaseUrl",
			"value": "http://ciba:8080/ciba",
			"description": {
				"content": "",
				"type": "text/plain"
			},
			"enabled": true
		}
	],
	"_postman_variable_scope": "environment",
	"_postman_exported_at": "2018-10-18T11:04:57.552Z",
	"_postman_exported_using": "Postman/6.4.2"
}