{
	"info": {
		"_postman_id": "404fc017-384e-47e9-863e-d4b01ea200f4",
		"name": "Gravitee.io - AM - Environment Management",
		"schema": "https://schema.getpostman.com/json/collection/v2.1.0/collection.json"
	},
	"item": [
		{
			"name": "Prepare",
			"item": [
				{
					"name": "Generate admin token",
					"event": [
						{
							"listen": "test",
							"script": {
								"exec": [
									"",
									"pm.test(\"Status code is 200\", function () {",
									"    pm.response.to.have.status(200);",
									"});",
									"",
									"var token = JSON.parse(responseBody);",
									"pm.environment.set('token', token.access_token);"
								],
								"type": "text/javascript"
							}
						}
					],
					"request": {
						"method": "POST",
						"header": [
							{
								"key": "Authorization",
								"value": "Basic YWRtaW46YWRtaW5hZG1pbg=="
							}
						],
						"body": {
							"mode": "urlencoded",
							"urlencoded": [
								{
									"key": "grant_type",
									"value": "password",
									"type": "text"
								},
								{
									"key": "username",
									"value": "admin",
									"type": "text"
								},
								{
									"key": "password",
									"value": "adminadmin",
									"type": "text"
								}
							]
						},
						"url": {
							"raw": "{{management_url}}/management/auth/token",
							"host": [
								"{{management_url}}"
							],
							"path": [
								"management",
								"auth",
								"token"
							]
						}
					},
					"response": []
				}
			],
			"event": [
				{
					"listen": "prerequest",
					"script": {
						"type": "text/javascript",
						"exec": [
							""
						]
					}
				},
				{
					"listen": "test",
					"script": {
						"type": "text/javascript",
						"exec": [
							""
						]
					}
				}
			]
		},
		{
			"name": "Get all organization environments",
			"event": [
				{
					"listen": "test",
					"script": {
						"exec": [
							"pm.test(\"Status code is 200\", function () {",
							"    pm.response.to.have.status(200);",
							"    ",
							"    var jsonData = pm.response.json();",
							"    pm.expect(jsonData[0].name).to.equal(\"Default environment\");",
							"    pm.expect(jsonData[0].description).to.equal(\"Default environment\");",
							"    pm.expect(jsonData[0].domainRestrictions).to.deep.equal([]);",
							"});",
							""
						],
						"type": "text/javascript"
					}
				}
			],
			"protocolProfileBehavior": {
				"disableBodyPruning": true
			},
			"request": {
				"method": "GET",
				"header": [
					{
						"key": "Content-Type",
						"value": "application/json"
					},
					{
						"key": "Authorization",
						"value": "Bearer {{token}}"
					}
				],
				"body": {
					"mode": "raw",
					"raw": ""
				},
				"url": {
					"raw": "{{management_url}}/management/organizations/{{defaultOrganizationId}}/environments",
					"host": [
						"{{management_url}}"
					],
					"path": [
						"management",
						"organizations",
						"{{defaultOrganizationId}}",
						"environments"
					]
				}
			},
			"response": []
		},
		{
			"name": "Get all organization environments denied",
			"event": [
				{
					"listen": "test",
					"script": {
						"exec": [
							"pm.test(\"Status code is 403\", function () {",
							"    pm.response.to.have.status(403);",
							"    ",
							"    var jsonData = pm.response.json();",
							"    pm.expect(jsonData.message).to.equal(\"Permission denied\");",
							"});",
							""
						],
						"type": "text/javascript"
					}
				}
			],
			"protocolProfileBehavior": {
				"disableBodyPruning": true
			},
			"request": {
				"method": "GET",
				"header": [
					{
						"key": "Content-Type",
						"value": "application/json"
					},
					{
						"key": "Authorization",
						"value": "Bearer {{token}}"
					}
				],
				"body": {
					"mode": "raw",
					"raw": ""
				},
				"url": {
					"raw": "{{management_url}}/management/organizations/OTHER/environments",
					"host": [
						"{{management_url}}"
					],
					"path": [
						"management",
						"organizations",
						"OTHER",
						"environments"
					]
				}
			},
			"response": []
		}
	],
	"event": [
		{
			"listen": "prerequest",
			"script": {
				"type": "text/javascript",
				"exec": [
					""
				]
			}
		},
		{
			"listen": "test",
			"script": {
				"type": "text/javascript",
				"exec": [
					""
				]
			}
		}
	]
}