{
	"info": {
		"_postman_id": "cd01323b-f121-4c87-9e9a-cae52bd0fd60",
		"name": "Gravitee.io - AM - Flows - app version",
		"schema": "https://schema.getpostman.com/json/collection/v2.1.0/collection.json",
		"_exporter_id": "31343100"
	},
	"item": [
		{
			"name": "Prepare",
			"item": [
				{
					"name": "Generate admin token",
					"event": [
						{
							"listen": "test",
							"script": {
								"exec": [
									"",
									"pm.test(\"Status code is 200\", function () {",
									"    pm.response.to.have.status(200);",
									"});",
									"",
									"var token = JSON.parse(responseBody);",
									"pm.environment.set('token', token.access_token);"
								],
								"type": "text/javascript"
							}
						}
					],
					"request": {
						"method": "POST",
						"header": [
							{
								"key": "Authorization",
								"value": "Basic YWRtaW46YWRtaW5hZG1pbg=="
							}
						],
						"body": {
							"mode": "urlencoded",
							"urlencoded": [
								{
									"key": "grant_type",
									"value": "password",
									"type": "text"
								},
								{
									"key": "username",
									"value": "admin",
									"type": "text"
								},
								{
									"key": "password",
									"value": "adminadmin",
									"type": "text"
								}
							]
						},
						"url": {
							"raw": "{{management_url}}/management/auth/token",
							"host": [
								"{{management_url}}"
							],
							"path": [
								"management",
								"auth",
								"token"
							]
						}
					},
					"response": []
				},
				{
					"name": "Create flows domain",
					"event": [
						{
							"listen": "test",
							"script": {
								"exec": [
									"pm.test(\"Status code is 201\", function () {",
									"    pm.response.to.have.status(201);",
									"});",
									"",
									"var jsonData = pm.response.json();",
									"pm.environment.set('domain', jsonData.id);",
									"pm.environment.set('domainHrid', jsonData.hrid);"
								],
								"type": "text/javascript"
							}
						}
					],
					"request": {
						"method": "POST",
						"header": [
							{
								"key": "Content-Type",
								"value": "application/json"
							},
							{
								"key": "Authorization",
								"value": "Bearer {{token}}"
							}
						],
						"body": {
							"mode": "raw",
							"raw": "{\n\t\"name\": \"flows-app-version\", \n\t\"description\": \"test flows\"\n}"
						},
						"url": {
							"raw": "{{management_url}}/management/organizations/{{defaultOrganizationId}}/environments/{{defaultEnvironmentId}}/domains/",
							"host": [
								"{{management_url}}"
							],
							"path": [
								"management",
								"organizations",
								"{{defaultOrganizationId}}",
								"environments",
								"{{defaultEnvironmentId}}",
								"domains",
								""
							]
						}
					},
					"response": []
				},
				{
					"name": "Create in-memory IDP",
					"event": [
						{
							"listen": "test",
							"script": {
								"exec": [
									"pm.test(\"Status code is 201\", function () {",
									"    pm.response.to.have.status(201);",
									"});",
									"",
									"var body = JSON.parse(responseBody);",
									"pm.environment.set('idp.inmemory', body.id);"
								],
								"type": "text/javascript"
							}
						}
					],
					"request": {
						"method": "POST",
						"header": [
							{
								"key": "Content-Type",
								"value": "application/json"
							},
							{
								"key": "Authorization",
								"value": "Bearer {{token}}"
							}
						],
						"body": {
							"mode": "raw",
							"raw": "{\n  \"external\": false,\n  \"type\": \"inline-am-idp\",\n  \"domainWhitelist\" : [],\n  \"configuration\": \"{\\\"users\\\":[{\\\"firstname\\\":\\\"my-user\\\",\\\"lastname\\\":\\\"my-user-lastname\\\",\\\"username\\\":\\\"user\\\",\\\"password\\\":\\\"#CoMpL3X-P@SsW0Rd\\\"},{\\\"firstname\\\":\\\"Jensen\\\",\\\"lastname\\\":\\\"Barbara\\\",\\\"username\\\":\\\"jensen.barbara\\\",\\\"email\\\":\\\"jensen.barbara@mail.com\\\",\\\"password\\\":\\\"#CoMpL3X-P@SsW0Rd\\\"}]}\",\n  \"name\": \"inmemory\"\n}"
						},
						"url": {
							"raw": "{{management_url}}/management/organizations/{{defaultOrganizationId}}/environments/{{defaultEnvironmentId}}/domains/{{domain}}/identities",
							"host": [
								"{{management_url}}"
							],
							"path": [
								"management",
								"organizations",
								"{{defaultOrganizationId}}",
								"environments",
								"{{defaultEnvironmentId}}",
								"domains",
								"{{domain}}",
								"identities"
							]
						}
					},
					"response": []
				},
				{
					"name": "Create application",
					"event": [
						{
							"listen": "test",
							"script": {
								"exec": [
									"pm.test(\"Status code is 201\", function () {",
									"    pm.response.to.have.status(201);",
									"});",
									"",
									"var body = JSON.parse(responseBody);",
									"pm.environment.set('client', body.id);",
									"pm.environment.set('clientId', body.settings.oauth.clientId);",
									"pm.environment.set('clientSecret', body.settings.oauth.clientSecret);"
								],
								"type": "text/javascript",
								"packages": {}
							}
						}
					],
					"request": {
						"method": "POST",
						"header": [
							{
								"key": "Content-Type",
								"value": "application/json"
							},
							{
								"key": "Authorization",
								"value": "Bearer {{token}}"
							}
						],
						"body": {
							"mode": "raw",
							"raw": "{\n  \"name\": \"my-client\",\n  \"type\": \"WEB\",\n  \"redirectUris\": [\"https://auth-nightly.gravitee.io/myApp/callback\"]\n}"
						},
						"url": {
							"raw": "{{management_url}}/management/organizations/{{defaultOrganizationId}}/environments/{{defaultEnvironmentId}}/domains/{{domain}}/applications",
							"host": [
								"{{management_url}}"
							],
							"path": [
								"management",
								"organizations",
								"{{defaultOrganizationId}}",
								"environments",
								"{{defaultEnvironmentId}}",
								"domains",
								"{{domain}}",
								"applications"
							]
						}
					},
					"response": []
				},
				{
					"name": "Configure application",
					"event": [
						{
							"listen": "test",
							"script": {
								"exec": [
									"pm.test(\"Status code is 200\", function () {",
									"    pm.response.to.have.status(200);",
									"});"
								],
								"type": "text/javascript"
							}
						}
					],
					"request": {
						"method": "PUT",
						"header": [
							{
								"key": "Content-Type",
								"value": "application/json"
							},
							{
								"key": "Authorization",
								"value": "Bearer {{token}}"
							}
						],
						"body": {
							"mode": "raw",
							"raw": "{\n  \"settings\": {\n  \t\"oauth\": {\n  \t  \"redirectUris\": [\"https://auth-nightly.gravitee.io/myApp/callback\"],\n  \t  \"scopeSettings\": [{\"scope\" : \"openid\"}]\n  \t}\n  },\n  \"identityProviders\": [\n    { \"identity\": \"{{idp.inmemory}}\", \"priority\" : -1 }\n  ]\n}"
						},
						"url": {
							"raw": "{{management_url}}/management/organizations/{{defaultOrganizationId}}/environments/{{defaultEnvironmentId}}/domains/{{domain}}/applications/{{client}}",
							"host": [
								"{{management_url}}"
							],
							"path": [
								"management",
								"organizations",
								"{{defaultOrganizationId}}",
								"environments",
								"{{defaultEnvironmentId}}",
								"domains",
								"{{domain}}",
								"applications",
								"{{client}}"
							]
						}
					},
					"response": []
				},
				{
					"name": "Start domain",
					"event": [
						{
							"listen": "test",
							"script": {
								"exec": [
									"// wait for sync process",
									"setTimeout(function(){}, 10000);"
								],
								"type": "text/javascript"
							}
						}
					],
					"request": {
						"method": "PATCH",
						"header": [
							{
								"key": "Content-Type",
								"value": "application/json"
							},
							{
								"key": "Authorization",
								"value": "Bearer {{token}}"
							}
						],
						"body": {
							"mode": "raw",
							"raw": "{\n  \"enabled\": true\n}"
						},
						"url": {
							"raw": "{{management_url}}/management/organizations/{{defaultOrganizationId}}/environments/{{defaultEnvironmentId}}/domains/{{domain}}",
							"host": [
								"{{management_url}}"
							],
							"path": [
								"management",
								"organizations",
								"{{defaultOrganizationId}}",
								"environments",
								"{{defaultEnvironmentId}}",
								"domains",
								"{{domain}}"
							]
						}
					},
					"response": []
				}
			]
		},
		{
			"name": "Pre Consent",
			"item": [
				{
					"name": "Create consent flow",
					"event": [
						{
							"listen": "test",
							"script": {
								"exec": [
									"pm.test(\"Status code is 200\", function () {",
									"    pm.response.to.have.status(200);",
									"});",
									"",
									"var body = JSON.parse(responseBody);",
									"var consentFlow = body.filter(flowObj => flowObj.type === 'consent')[0];",
									"pm.environment.set('flow', consentFlow.id);",
									"",
									"// wait for sync process",
									"setTimeout(function(){}, 10000);"
								],
								"type": "text/javascript"
							}
						}
					],
					"request": {
						"method": "PUT",
						"header": [
							{
								"key": "Content-Type",
								"name": "Content-Type",
								"type": "text",
								"value": "application/json"
							},
							{
								"key": "Authorization",
								"type": "text",
								"value": "Bearer {{token}}"
							}
						],
						"body": {
							"mode": "raw",
							"raw": "[{\"name\":\"CONSENT\",\"pre\":[{\"name\":\"HTTP Callout\",\"policy\":\"policy-http-callout\",\"description\":\"Pre-check User\",\"enabled\":true,\"configuration\":\"{\\\"method\\\":\\\"GET\\\",\\\"exitOnError\\\":true,\\\"errorCondition\\\":\\\"{#calloutResponse.status == 200}\\\",\\\"errorStatusCode\\\":\\\"500\\\",\\\"url\\\":\\\"https://api.gravitee.io/echo\\\",\\\"variables\\\":[{\\\"value\\\":\\\"Custom-Variable\\\",\\\"name\\\":\\\"X-Custom-Variable\\\"}],\\\"errorContent\\\":\\\"pre-consent-failed\\\"}\"}],\"post\":[],\"enabled\":true,\"type\":\"consent\"}]"
						},
						"url": {
							"raw": "{{management_url}}/management/organizations/{{defaultOrganizationId}}/environments/{{defaultEnvironmentId}}/domains/{{domain}}/flows",
							"host": [
								"{{management_url}}"
							],
							"path": [
								"management",
								"organizations",
								"{{defaultOrganizationId}}",
								"environments",
								"{{defaultEnvironmentId}}",
								"domains",
								"{{domain}}",
								"flows"
							]
						}
					},
					"response": []
				},
				{
					"name": "Initiate Login Flow",
					"event": [
						{
							"listen": "test",
							"script": {
								"exec": [
									"pm.test(\"Status code is 302\", function () {",
									"    pm.response.to.have.status(302);",
									"});",
									"",
									"pm.test(\"Should be redirected\", function () {",
									"    pm.response.to.be.redirection;",
									"    pm.response.to.have.header('Location');",
									"});",
									"",
									"pm.test(\"Should be a redirection to login page\", function() {",
									"    var location = pm.response.headers.get('Location');",
									"    let domain = pm.environment.get(\"domainHrid\");",
									"    ",
                                    "    pm.expect(location).to.include(pm.environment.get('gateway_url') + '/' + domain + '/login')",
                                    "    pm.expect(location).to.include('client_id=' + pm.environment.get('clientId'))",
									"    ",
									"    pm.environment.set('redirection', pm.response.headers.get('Location'));",
									"});"
								],
								"type": "text/javascript"
							}
						},
						{
							"listen": "prerequest",
							"script": {
								"exec": [
									""
								],
								"type": "text/javascript"
							}
						}
					],
					"request": {
						"method": "GET",
						"header": [],
						"url": {
							"raw": "{{gateway_url}}/{{domainHrid}}/oauth/authorize/?response_type=code&client_id={{clientId}}&redirect_uri=https://auth-nightly.gravitee.io/myApp/callback&state=1234-5678-9876&scope=openid",
							"host": [
								"{{gateway_url}}"
							],
							"path": [
								"{{domainHrid}}",
								"oauth",
								"authorize",
								""
							],
							"query": [
								{
									"key": "response_type",
									"value": "code"
								},
								{
									"key": "client_id",
									"value": "{{clientId}}"
								},
								{
									"key": "redirect_uri",
									"value": "https://auth-nightly.gravitee.io/myApp/callback"
								},
								{
									"key": "state",
									"value": "1234-5678-9876"
								},
								{
									"key": "scope",
									"value": "openid"
								}
							]
						}
					},
					"response": []
				},
				{
					"name": "Redirect to login form",
					"event": [
						{
							"listen": "test",
							"script": {
								"exec": [
									"pm.test(\"Status code is 200\", function () {",
									"    pm.response.to.have.status(200);",
									"});",
									"",
									"pm.test(\"Should be ok\", function () {",
									"    pm.response.to.be.ok;",
									"    ",
									"    // Extract the XSRF token to send it with the next request.",
									"    var cheerio = require('cheerio');",
									"    var responseHTML = cheerio.load(pm.response.text());",
									"    var xsrfToken = responseHTML('[name=\"X-XSRF-TOKEN\"]').val();",
									"    const action = responseHTML('form').attr('action');",
									"    pm.environment.set('xsrf', xsrfToken);",
									"    pm.environment.set('action', action);",
									"});"
								],
								"type": "text/javascript"
							}
						},
						{
							"listen": "prerequest",
							"script": {
								"exec": [
									""
								],
								"type": "text/javascript"
							}
						}
					],
					"request": {
						"method": "GET",
						"header": [],
						"url": {
							"raw": "{{redirection}}",
							"host": [
								"{{redirection}}"
							]
						},
						"description": "The client does not have a redirect_uri define"
					},
					"response": []
				},
				{
					"name": "Post login form - invalid policy consent result",
					"event": [
						{
							"listen": "test",
							"script": {
								"exec": [
									"pm.test(\"Status code is 302\", function () {",
									"    pm.response.to.have.status(302);",
									"});",
									"",
									"pm.test(\"Should be redirected to Authorization Endpoint\", function () {",
									"    pm.response.to.be.redirection;",
									"    pm.response.to.have.header('Location');",
									"",
									"    var location = pm.response.headers.get('Location');",
									"    console.log(\"location : \" + location);",
									"    pm.environment.set('redirection', location);",
                                    "    ",
                                    "    pm.expect(location).to.include('/oauth/authorize');",
									"});"
								],
								"type": "text/javascript"
							}
						},
						{
							"listen": "prerequest",
							"script": {
								"exec": [
									""
								],
								"type": "text/javascript"
							}
						}
					],
					"request": {
						"method": "POST",
						"header": [
							{
								"key": "Content-Type",
								"value": "application/x-www-form-urlencoded"
							}
						],
						"body": {
							"mode": "urlencoded",
							"urlencoded": [
								{
									"key": "X-XSRF-TOKEN",
									"value": "{{xsrf}}",
									"type": "text"
								},
								{
									"key": "client_id",
									"value": "{{clientId}}",
									"type": "text"
								},
								{
									"key": "username",
									"value": "user",
									"type": "text"
								},
								{
									"key": "password",
									"value": "#CoMpL3X-P@SsW0Rd",
									"type": "text"
								}
							]
						},
						"url": {
							"raw": "{{action}}",
							"host": [
								"{{action}}"
							]
						},
						"description": "The client does not have a redirect_uri define"
					},
					"response": []
				},
				{
					"name": "Redirect to authorization endpoint",
					"event": [
						{
							"listen": "test",
							"script": {
								"exec": [
									"pm.test(\"Status code is 302\", function () {",
									"    pm.response.to.have.status(302);",
									"});",
									"",
									"pm.test(\"Should be redirect to consent page\", function () {",
									"    pm.response.to.be.redirection;",
									"    pm.response.to.have.header('Location');",
									"",
									"    var location = pm.response.headers.get('Location');",
									"    pm.environment.set('redirection', location);",
                                    "    pm.expect(location).to.include('/oauth/consent');",
									"});"
								],
								"type": "text/javascript"
							}
						},
						{
							"listen": "prerequest",
							"script": {
								"exec": [
									""
								],
								"type": "text/javascript"
							}
						}
					],
					"request": {
						"method": "GET",
						"header": [],
						"url": {
							"raw": "{{redirection}}",
							"host": [
								"{{redirection}}"
							]
						},
						"description": "The client does not have a redirect_uri define"
					},
					"response": []
				},
				{
					"name": "Redirect to login form",
					"event": [
						{
							"listen": "test",
							"script": {
								"exec": [
									"pm.test(\"Status code is 302\", function () {",
									"    pm.response.to.have.status(302);",
									"});",
									"",
									"pm.test(\"Should be redirected to login with invalid user consent\", function () {",
									"    pm.response.to.be.redirection;",
									"    pm.response.to.have.header('Location');",
									"",
									"    var location = pm.response.headers.get('Location');",
									"    pm.environment.set('redirection', location);",
									"",
                                    "    pm.expect(location).to.include('/login?response_type=code&client_id=' + pm.environment.get('clientId') + '&redirect_uri=https%3A%2F%2Fauth-nightly.gravitee.io%2FmyApp%2Fcallback&state=1234-5678-9876&scope=openid&error=user_consent_failed&error_code=CALLOUT_EXIT_ON_ERROR&error_description=pre-consent-failed');",
                                    "});"
								],
								"type": "text/javascript"
							}
						},
						{
							"listen": "prerequest",
							"script": {
								"exec": [
									""
								],
								"type": "text/javascript"
							}
						}
					],
					"request": {
						"method": "GET",
						"header": [],
						"url": {
							"raw": "{{redirection}}",
							"host": [
								"{{redirection}}"
							]
						},
						"description": "The client does not have a redirect_uri define"
					},
					"response": []
				},
				{
					"name": "Logout user",
					"event": [
						{
							"listen": "test",
							"script": {
								"exec": [
									"pm.test(\"Status code is 302\", function () {",
									"    pm.response.to.have.status(302);",
									"});",
									"",
									"pm.test(\"Should be redirected\", function () {",
									"    pm.response.to.be.redirection;",
									"    pm.response.to.have.header('Location');",
									"    ",
									"    pm.environment.set('redirection', pm.response.headers.get('Location'));",
									"});"
								],
								"type": "text/javascript"
							}
						},
						{
							"listen": "prerequest",
							"script": {
								"exec": [
									""
								],
								"type": "text/javascript"
							}
						}
					],
					"request": {
						"method": "GET",
						"header": [],
						"url": {
							"raw": "{{gateway_url}}/{{domainHrid}}/logout",
							"host": [
								"{{gateway_url}}"
							],
							"path": [
								"{{domainHrid}}",
								"logout"
							]
						},
						"description": "The client does not have a redirect_uri define"
					},
					"response": []
				},
				{
					"name": "Update consent flow",
					"event": [
						{
							"listen": "test",
							"script": {
								"exec": [
									"pm.test(\"Status code is 200\", function () {",
									"    pm.response.to.have.status(200);",
									"});",
									"",
									"// wait for sync process",
									"setTimeout(function(){}, 10000);"
								],
								"type": "text/javascript"
							}
						}
					],
					"request": {
						"method": "PUT",
						"header": [
							{
								"key": "Content-Type",
								"name": "Content-Type",
								"value": "application/json",
								"type": "text"
							},
							{
								"key": "Authorization",
								"value": "Bearer {{token}}",
								"type": "text"
							}
						],
						"body": {
							"mode": "raw",
							"raw": "{\n    \"name\": \"CONSENT\",\n    \"pre\": [\n        {\n            \"name\": \"HTTP Callout\",\n            \"policy\": \"policy-http-callout\",\n            \"description\": \"Pre-check User\",\n            \"enabled\": true,\n            \"configuration\": \"{\\\"method\\\":\\\"GET\\\",\\\"exitOnError\\\":false,\\\"errorCondition\\\":\\\"{#calloutResponse.status == 200}\\\",\\\"errorStatusCode\\\":\\\"500\\\",\\\"url\\\":\\\"https://api.gravitee.io/echo\\\",\\\"variables\\\":[{\\\"value\\\":\\\"Custom-Variable\\\",\\\"name\\\":\\\"X-Custom-Variable\\\"}],\\\"errorContent\\\":\\\"test\\\"}\"\n        }\n    ],\n    \"post\": [],\n    \"enabled\": true,\n    \"type\": \"consent\"\n}"
						},
						"url": {
							"raw": "{{management_url}}/management/organizations/{{defaultOrganizationId}}/environments/{{defaultEnvironmentId}}/domains/{{domain}}/flows/{{flow}}",
							"host": [
								"{{management_url}}"
							],
							"path": [
								"management",
								"organizations",
								"{{defaultOrganizationId}}",
								"environments",
								"{{defaultEnvironmentId}}",
								"domains",
								"{{domain}}",
								"flows",
								"{{flow}}"
							]
						}
					},
					"response": []
				},
				{
					"name": "Initiate Login Flow",
					"event": [
						{
							"listen": "test",
							"script": {
								"exec": [
									"pm.test(\"Status code is 302\", function () {",
									"    pm.response.to.have.status(302);",
									"});",
									"",
									"pm.test(\"Should be redirected\", function () {",
									"    pm.response.to.be.redirection;",
									"    pm.response.to.have.header('Location');",
									"});",
									"",
									"pm.test(\"Should be a redirection to login page\", function() {",
									"    var location = pm.response.headers.get('Location');",
									"    let domain = pm.environment.get(\"domainHrid\");",
									"    ",
                                    "    pm.expect(location).to.include(pm.environment.get('gateway_url') + '/' + domain + '/login');",
                                    "    pm.expect(location).to.include('client_id=' + pm.environment.get('clientId'));",
									"    ",
									"    pm.environment.set('redirection', pm.response.headers.get('Location'));",
									"});"
								],
								"type": "text/javascript"
							}
						},
						{
							"listen": "prerequest",
							"script": {
								"exec": [
									""
								],
								"type": "text/javascript"
							}
						}
					],
					"request": {
						"method": "GET",
						"header": [],
						"url": {
							"raw": "{{gateway_url}}/{{domainHrid}}/oauth/authorize/?response_type=code&client_id={{clientId}}&redirect_uri=https://auth-nightly.gravitee.io/myApp/callback&state=1234-5678-9876&scope=openid",
							"host": [
								"{{gateway_url}}"
							],
							"path": [
								"{{domainHrid}}",
								"oauth",
								"authorize",
								""
							],
							"query": [
								{
									"key": "response_type",
									"value": "code"
								},
								{
									"key": "client_id",
									"value": "{{clientId}}"
								},
								{
									"key": "redirect_uri",
									"value": "https://auth-nightly.gravitee.io/myApp/callback"
								},
								{
									"key": "state",
									"value": "1234-5678-9876"
								},
								{
									"key": "scope",
									"value": "openid"
								}
							]
						}
					},
					"response": []
				},
				{
					"name": "Redirect to login form",
					"event": [
						{
							"listen": "test",
							"script": {
								"exec": [
									"pm.test(\"Status code is 200\", function () {",
									"    pm.response.to.have.status(200);",
									"});",
									"",
									"pm.test(\"Should be ok\", function () {",
									"    pm.response.to.be.ok;",
									"    ",
									"    // Extract the XSRF token to send it with the next request.",
                                    "    var cheerio = require('cheerio');",
									"    var responseHTML = cheerio.load(pm.response.text());",
									"    var xsrfToken = responseHTML('[name=\"X-XSRF-TOKEN\"]').val();",
									"    const action = responseHTML('form').attr('action');",
									"    pm.environment.set('xsrf', xsrfToken);",
									"    pm.environment.set('action', action);",
									"});"
								],
								"type": "text/javascript"
							}
						},
						{
							"listen": "prerequest",
							"script": {
								"exec": [
									""
								],
								"type": "text/javascript"
							}
						}
					],
					"request": {
						"method": "GET",
						"header": [],
						"url": {
							"raw": "{{redirection}}",
							"host": [
								"{{redirection}}"
							]
						},
						"description": "The client does not have a redirect_uri define"
					},
					"response": []
				},
				{
					"name": "Post login form - valid policy consent result",
					"event": [
						{
							"listen": "test",
							"script": {
								"exec": [
									"pm.test(\"Status code is 302\", function () {",
									"    pm.response.to.have.status(302);",
									"});",
									"",
									"pm.test(\"Should be redirected to Authorization Endpoint\", function () {",
									"    pm.response.to.be.redirection;",
									"    pm.response.to.have.header('Location');",
									"",
									"    var location = pm.response.headers.get('Location');",
									"    pm.environment.set('redirection', location);",
                                    "    pm.expect(location).to.include('/oauth/authorize');",
									"});"
								],
								"type": "text/javascript"
							}
						},
						{
							"listen": "prerequest",
							"script": {
								"exec": [
									""
								],
								"type": "text/javascript"
							}
						}
					],
					"request": {
						"method": "POST",
						"header": [
							{
								"key": "Content-Type",
								"value": "application/x-www-form-urlencoded"
							}
						],
						"body": {
							"mode": "urlencoded",
							"urlencoded": [
								{
									"key": "X-XSRF-TOKEN",
									"value": "{{xsrf}}",
									"type": "text"
								},
								{
									"key": "client_id",
									"value": "{{clientId}}",
									"type": "text"
								},
								{
									"key": "username",
									"value": "user",
									"type": "text"
								},
								{
									"key": "password",
									"value": "#CoMpL3X-P@SsW0Rd",
									"type": "text"
								}
							]
						},
						"url": {
							"raw": "{{action}}",
							"host": [
								"{{action}}"
							]
						},
						"description": "The client does not have a redirect_uri define"
					},
					"response": []
				},
				{
					"name": "Redirect to user authorize",
					"event": [
						{
							"listen": "test",
							"script": {
								"exec": [
									"pm.test(\"Status code is 302\", function () {",
									"    pm.response.to.have.status(302);",
									"});",
									"",
									"pm.test(\"Should be redirect to consent page\", function () {",
									"    pm.response.to.be.redirection;",
									"    pm.response.to.have.header('Location');",
									"",
									"    var location = pm.response.headers.get('Location');",
									"    pm.environment.set('redirection', location);",
                                    "    pm.expect(location).to.include('/oauth/consent');",
									"});"
								],
								"type": "text/javascript"
							}
						},
						{
							"listen": "prerequest",
							"script": {
								"exec": [
									""
								],
								"type": "text/javascript"
							}
						}
					],
					"request": {
						"method": "GET",
						"header": [],
						"url": {
							"raw": "{{redirection}}",
							"host": [
								"{{redirection}}"
							]
						},
						"description": "The client does not have a redirect_uri define"
					},
					"response": []
				},
				{
					"name": "Logout user",
					"event": [
						{
							"listen": "test",
							"script": {
								"exec": [
									"pm.test(\"Status code is 302\", function () {",
									"    pm.response.to.have.status(302);",
									"});",
									"",
									"pm.test(\"Should be redirected\", function () {",
									"    pm.response.to.be.redirection;",
									"    pm.response.to.have.header('Location');",
									"    ",
									"    pm.environment.set('redirection', pm.response.headers.get('Location'));",
									"});"
								],
								"type": "text/javascript"
							}
						},
						{
							"listen": "prerequest",
							"script": {
								"exec": [
									""
								],
								"type": "text/javascript"
							}
						}
					],
					"request": {
						"method": "GET",
						"header": [],
						"url": {
							"raw": "{{gateway_url}}/{{domainHrid}}/logout",
							"host": [
								"{{gateway_url}}"
							],
							"path": [
								"{{domainHrid}}",
								"logout"
							]
						},
						"description": "The client does not have a redirect_uri define"
					},
					"response": []
				}
			]
		},
		{
			"name": "Pre Login Conditional",
			"item": [
				{
					"name": "Create login flow",
					"event": [
						{
							"listen": "test",
							"script": {
								"exec": [
									"pm.test(\"Status code is 200\", function () {",
									"    pm.response.to.have.status(200);",
									"});",
									"",
									"var body = JSON.parse(responseBody);",
									"var consentFlow = body.filter(flowObj => flowObj.type === 'login')[0];",
									"pm.environment.set('flow', consentFlow.id);",
									"",
									"// wait for sync process",
									"setTimeout(function(){}, 10000);"
								],
								"type": "text/javascript"
							}
						}
					],
					"request": {
						"method": "PUT",
						"header": [
							{
								"key": "Content-Type",
								"name": "Content-Type",
								"type": "text",
								"value": "application/json"
							},
							{
								"key": "Authorization",
								"type": "text",
								"value": "Bearer {{token}}"
							}
						],
						"body": {
							"mode": "raw",
							"raw": "[\n    {\n        \"name\": \"LOGIN\",\n        \"pre\": [\n            {\n                \"condition\": \"\",\n                \"configuration\": \"{\\\"method\\\":\\\"GET\\\",\\\"exitOnError\\\":false,\\\"errorCondition\\\":\\\"{#calloutResponse.status >= 400 and #calloutResponse.status <= 599}\\\",\\\"errorStatusCode\\\":\\\"500\\\",\\\"variables\\\":[{\\\"value\\\":\\\"{#jsonPath(#calloutResponse.content, '$.headers.Host')}\\\",\\\"name\\\":\\\"my-server\\\"}],\\\"url\\\":\\\"https://api.gravitee.io/echo\\\"}\",\n                \"description\": \"\",\n                \"enabled\": true,\n                \"name\": \"HTTP Callout\",\n                \"policy\": \"policy-http-callout\"\n            },\n            {\n                \"condition\": \"\",\n                \"configuration\": \"{\\\"properties\\\":[{\\\"key\\\":\\\"my-additional-attribute\\\",\\\"value\\\":\\\"{#context.attributes['my-server']}\\\"}]}\",\n                \"description\": \"\",\n                \"enabled\": true,\n                \"name\": \"Enrich Authentication Flow\",\n                \"policy\": \"policy-am-enrich-auth-flow\"\n            },\n            {\n                \"condition\": \"{#context.attributes['authFlow']['my-additional-attribute'] != 'api.gravitee.io'}\",\n                \"configuration\": \"{\\\"time\\\":3000,\\\"timeUnit\\\":\\\"MILLISECONDS\\\"}\",\n                \"description\": \"\",\n                \"enabled\": true,\n                \"name\": \"Latency\",\n                \"policy\": \"latency\"\n            }\n        ],\n        \"post\": [],\n        \"enabled\": true,\n        \"type\": \"login\"\n    }\n]"
						},
						"url": {
							"raw": "{{management_url}}/management/organizations/{{defaultOrganizationId}}/environments/{{defaultEnvironmentId}}/domains/{{domain}}/flows",
							"host": [
								"{{management_url}}"
							],
							"path": [
								"management",
								"organizations",
								"{{defaultOrganizationId}}",
								"environments",
								"{{defaultEnvironmentId}}",
								"domains",
								"{{domain}}",
								"flows"
							]
						}
					},
					"response": []
				},
				{
					"name": "Initiate Login Flow",
					"event": [
						{
							"listen": "test",
							"script": {
								"exec": [
									"pm.test(\"Status code is 302\", function () {",
									"    pm.response.to.have.status(302);",
									"});",
									"",
									"pm.test(\"Should be redirected\", function () {",
									"    pm.response.to.be.redirection;",
									"    pm.response.to.have.header('Location');",
									"});",
									"",
									"pm.test(\"Should be a redirection to login page\", function() {",
									"    var location = pm.response.headers.get('Location');",
									"    let domain = pm.environment.get(\"domainHrid\");",
									"    ",
                                    "    pm.expect(location).to.include(pm.environment.get('gateway_url') + '/' + domain + '/login');",
                                    "    pm.expect(location).to.include('client_id=' + pm.environment.get('clientId'));",
									"    ",
									"    pm.environment.set('redirection', pm.response.headers.get('Location'));",
									"});"
								],
								"type": "text/javascript"
							}
						},
						{
							"listen": "prerequest",
							"script": {
								"exec": [
									""
								],
								"type": "text/javascript"
							}
						}
					],
					"request": {
						"method": "GET",
						"header": [],
						"url": {
							"raw": "{{gateway_url}}/{{domainHrid}}/oauth/authorize/?response_type=code&client_id={{clientId}}&redirect_uri=https://auth-nightly.gravitee.io/myApp/callback&state=1234-5678-9876&scope=openid",
							"host": [
								"{{gateway_url}}"
							],
							"path": [
								"{{domainHrid}}",
								"oauth",
								"authorize",
								""
							],
							"query": [
								{
									"key": "response_type",
									"value": "code"
								},
								{
									"key": "client_id",
									"value": "{{clientId}}"
								},
								{
									"key": "redirect_uri",
									"value": "https://auth-nightly.gravitee.io/myApp/callback"
								},
								{
									"key": "state",
									"value": "1234-5678-9876"
								},
								{
									"key": "scope",
									"value": "openid"
								}
							]
						}
					},
					"response": []
				},
				{
					"name": "Redirect to login form",
					"event": [
						{
							"listen": "test",
							"script": {
								"exec": [
									"pm.test(\"Status code is 200\", function () {",
									"    pm.response.to.have.status(200);",
									"});",
									"",
                                    "pm.test(\"Response Time is less than 3 seconds\", function () {",
                                    "    pm.expect(pm.response.responseTime).to.be.below(3000);",
                                    "});",
									"",
									"pm.test(\"Should be ok\", function () {",
									"    pm.response.to.be.ok;",
									"    ",
									"    // Extract the XSRF token to send it with the next request.",
                                    "    var cheerio = require('cheerio');",
									"    var responseHTML = cheerio.load(pm.response.text());",
									"    var xsrfToken = responseHTML('[name=\"X-XSRF-TOKEN\"]').val();",
									"    const action = responseHTML('form').attr('action');",
									"    pm.environment.set('xsrf', xsrfToken);",
									"    pm.environment.set('action', action);",
									"});"
								],
								"type": "text/javascript"
							}
						},
						{
							"listen": "prerequest",
							"script": {
								"exec": [
									""
								],
								"type": "text/javascript"
							}
						}
					],
					"request": {
						"method": "GET",
						"header": [],
						"url": {
							"raw": "{{redirection}}",
							"host": [
								"{{redirection}}"
							]
						},
						"description": "The client does not have a redirect_uri define"
					},
					"response": []
				},
				{
					"name": "Update login flow",
					"event": [
						{
							"listen": "test",
							"script": {
								"exec": [
									"pm.test(\"Status code is 200\", function () {",
									"    pm.response.to.have.status(200);",
									"});",
									"",
									"// wait for sync process",
									"setTimeout(function(){}, 10000);"
								],
								"type": "text/javascript"
							}
						}
					],
					"request": {
						"method": "PUT",
						"header": [
							{
								"key": "Content-Type",
								"name": "Content-Type",
								"value": "application/json",
								"type": "text"
							},
							{
								"key": "Authorization",
								"value": "Bearer {{token}}",
								"type": "text"
							}
						],
						"body": {
							"mode": "raw",
							"raw": "{\n    \"name\": \"LOGIN\",\n    \"pre\": [\n        {\n            \"condition\": \"\",\n            \"configuration\": \"{\\\"method\\\":\\\"GET\\\",\\\"exitOnError\\\":false,\\\"errorCondition\\\":\\\"{#calloutResponse.status >= 400 and #calloutResponse.status <= 599}\\\",\\\"errorStatusCode\\\":\\\"500\\\",\\\"variables\\\":[{\\\"value\\\":\\\"{#jsonPath(#calloutResponse.content, '$.headers.Host')}\\\",\\\"name\\\":\\\"my-server\\\"}],\\\"url\\\":\\\"https://api.gravitee.io/echo\\\"}\",\n            \"description\": \"\",\n            \"enabled\": true,\n            \"name\": \"HTTP Callout\",\n            \"policy\": \"policy-http-callout\"\n        },\n        {\n            \"condition\": \"\",\n            \"configuration\": \"{\\\"properties\\\":[{\\\"key\\\":\\\"my-additional-attribute\\\",\\\"value\\\":\\\"{#context.attributes['my-server']}\\\"}]}\",\n            \"description\": \"\",\n            \"enabled\": true,\n            \"name\": \"Enrich Authentication Flow\",\n            \"policy\": \"policy-am-enrich-auth-flow\"\n        },\n        {\n            \"condition\": \"{#context.attributes['authFlow']['my-additional-attribute'] == 'api.gravitee.io'}\",\n            \"configuration\": \"{\\\"time\\\":3000,\\\"timeUnit\\\":\\\"MILLISECONDS\\\"}\",\n            \"description\": \"\",\n            \"enabled\": true,\n            \"name\": \"Latency\",\n            \"policy\": \"latency\"\n        }\n    ],\n    \"post\": [],\n    \"enabled\": true,\n    \"type\": \"login\"\n}"
						},
						"url": {
							"raw": "{{management_url}}/management/organizations/{{defaultOrganizationId}}/environments/{{defaultEnvironmentId}}/domains/{{domain}}/flows/{{flow}}",
							"host": [
								"{{management_url}}"
							],
							"path": [
								"management",
								"organizations",
								"{{defaultOrganizationId}}",
								"environments",
								"{{defaultEnvironmentId}}",
								"domains",
								"{{domain}}",
								"flows",
								"{{flow}}"
							]
						}
					},
					"response": []
				},
				{
					"name": "Initiate Login Flow",
					"event": [
						{
							"listen": "test",
							"script": {
								"exec": [
									"pm.test(\"Status code is 302\", function () {",
									"    pm.response.to.have.status(302);",
									"});",
									"",
									"pm.test(\"Should be a redirection to login page with client_id\", function() {",
									"    var location = pm.response.headers.get('Location');",
									"    let domain = pm.environment.get(\"domainHrid\");",
									"    ",
                                    "    pm.expect(location).to.include(pm.environment.get('gateway_url') + '/' + domain + '/login');",
                                    "",
                                    "    pm.expect(location).to.include('client_id=' + pm.environment.get('clientId'));",
									"    ",
									"    pm.environment.set('redirection', pm.response.headers.get('Location'));",
									"});"
								],
								"type": "text/javascript"
							}
						},
						{
							"listen": "prerequest",
							"script": {
								"exec": [
									""
								],
								"type": "text/javascript"
							}
						}
					],
					"request": {
						"method": "GET",
						"header": [],
						"url": {
							"raw": "{{gateway_url}}/{{domainHrid}}/oauth/authorize/?response_type=code&client_id={{clientId}}&redirect_uri=https://auth-nightly.gravitee.io/myApp/callback&state=1234-5678-9876&scope=openid",
							"host": [
								"{{gateway_url}}"
							],
							"path": [
								"{{domainHrid}}",
								"oauth",
								"authorize",
								""
							],
							"query": [
								{
									"key": "response_type",
									"value": "code"
								},
								{
									"key": "client_id",
									"value": "{{clientId}}"
								},
								{
									"key": "redirect_uri",
									"value": "https://auth-nightly.gravitee.io/myApp/callback"
								},
								{
									"key": "state",
									"value": "1234-5678-9876"
								},
								{
									"key": "scope",
									"value": "openid"
								}
							]
						}
					},
					"response": []
				},
				{
					"name": "Redirect to login form",
					"event": [
						{
							"listen": "test",
							"script": {
								"exec": [
									"pm.test(\"Status code is 200\", function () {",
									"    pm.response.to.have.status(200);",
									"});",
									"",
									"pm.test(\"Response Time is greater than than 3 seconds\", function () {",
									"     pm.expect(pm.response.responseTime).to.be.above(3000);",
									"});",
									"",
									"pm.test(\"Should be ok\", function () {",
									"    pm.response.to.be.ok;",
									"    ",
									"    // Extract the XSRF token to send it with the next request.",
                                    "    var cheerio = require('cheerio');",
									"    var responseHTML = cheerio.load(pm.response.text());",
									"    var xsrfToken = responseHTML('[name=\"X-XSRF-TOKEN\"]').val();",
									"    const action = responseHTML('form').attr('action');",
									"    pm.environment.set('xsrf', xsrfToken);",
									"    pm.environment.set('action', action);",
									"});"
								],
								"type": "text/javascript"
							}
						},
						{
							"listen": "prerequest",
							"script": {
								"exec": [
									""
								],
								"type": "text/javascript"
							}
						}
					],
					"request": {
						"method": "GET",
						"header": [],
						"url": {
							"raw": "{{redirection}}",
							"host": [
								"{{redirection}}"
							]
						},
						"description": "The client does not have a redirect_uri define"
					},
					"response": []
				},
				{
					"name": "Logout user",
					"event": [
						{
							"listen": "test",
							"script": {
								"exec": [
									"pm.test(\"Status code is 302\", function () {",
									"    pm.response.to.have.status(302);",
									"});",
									"",
									"pm.test(\"Should be redirected\", function () {",
									"    pm.response.to.be.redirection;",
									"    pm.response.to.have.header('Location');",
									"    ",
									"    pm.environment.set('redirection', pm.response.headers.get('Location'));",
									"});"
								],
								"type": "text/javascript"
							}
						},
						{
							"listen": "prerequest",
							"script": {
								"exec": [
									""
								],
								"type": "text/javascript"
							}
						}
					],
					"request": {
						"method": "GET",
						"header": [],
						"url": {
							"raw": "{{gateway_url}}/{{domainHrid}}/logout",
							"host": [
								"{{gateway_url}}"
							],
							"path": [
								"{{domainHrid}}",
								"logout"
							]
						},
						"description": "The client does not have a redirect_uri define"
					},
					"response": []
				}
			]
		},
		{
			"name": "Delete domain",
			"event": [
				{
					"listen": "test",
					"script": {
						"exec": [
							"pm.test(\"Status code is 204\", function () {",
							"    pm.response.to.have.status(204);",
							"});"
						],
						"type": "text/javascript"
					}
				}
			],
			"request": {
				"method": "DELETE",
				"header": [
					{
						"key": "Content-Type",
						"value": "application/json"
					},
					{
						"key": "Authorization",
						"value": "Bearer {{token}}"
					}
				],
				"body": {
					"mode": "raw",
					"raw": ""
				},
				"url": {
					"raw": "{{management_url}}/management/organizations/{{defaultOrganizationId}}/environments/{{defaultEnvironmentId}}/domains/{{domain}}",
					"host": [
						"{{management_url}}"
					],
					"path": [
						"management",
						"organizations",
						"{{defaultOrganizationId}}",
						"environments",
						"{{defaultEnvironmentId}}",
						"domains",
						"{{domain}}"
					]
				}
			},
			"response": []
		}
	]
}