{
	"info": {
		"_postman_id": "cf728efb-a467-4fb7-a50b-1e130008b500",
		"name": "Gravitee.io - AM - Logout - app version",
		"schema": "https://schema.getpostman.com/json/collection/v2.1.0/collection.json",
		"_exporter_id": "31343100"
	},
	"item": [
		{
			"name": "Prepare",
			"item": [
				{
					"name": "Generate admin token",
					"event": [
						{
							"listen": "test",
							"script": {
								"exec": [
									"",
									"pm.test(\"Status code is 200\", function () {",
									"    pm.response.to.have.status(200);",
									"});",
									"",
									"var token = JSON.parse(responseBody);",
									"pm.environment.set('token', token.access_token);"
								],
								"type": "text/javascript"
							}
						}
					],
					"request": {
						"method": "POST",
						"header": [
							{
								"key": "Authorization",
								"value": "Basic YWRtaW46YWRtaW5hZG1pbg=="
							}
						],
						"body": {
							"mode": "urlencoded",
							"urlencoded": [
								{
									"key": "grant_type",
									"value": "password",
									"type": "text"
								},
								{
									"key": "username",
									"value": "admin",
									"type": "text"
								},
								{
									"key": "password",
									"value": "adminadmin",
									"type": "text"
								}
							]
						},
						"url": {
							"raw": "{{management_url}}/management/auth/token",
							"host": [
								"{{management_url}}"
							],
							"path": [
								"management",
								"auth",
								"token"
							]
						}
					},
					"response": []
				},
				{
					"name": "Create logout domain",
					"event": [
						{
							"listen": "test",
							"script": {
								"exec": [
									"pm.test(\"Status code is 201\", function () {",
									"    pm.response.to.have.status(201);",
									"});",
									"",
									"var jsonData = pm.response.json();",
									"pm.environment.set('domain', jsonData.id);",
									"pm.environment.set('domainHrid', jsonData.hrid);"
								],
								"type": "text/javascript"
							}
						}
					],
					"request": {
						"method": "POST",
						"header": [
							{
								"key": "Content-Type",
								"value": "application/json"
							},
							{
								"key": "Authorization",
								"value": "Bearer {{token}}"
							}
						],
						"body": {
							"mode": "raw",
							"raw": "{\n\t\"name\": \"logout-app-version\", \n\t\"description\": \"test logout flows\"\n}"
						},
						"url": {
							"raw": "{{management_url}}/management/organizations/{{defaultOrganizationId}}/environments/{{defaultEnvironmentId}}/domains/",
							"host": [
								"{{management_url}}"
							],
							"path": [
								"management",
								"organizations",
								"{{defaultOrganizationId}}",
								"environments",
								"{{defaultEnvironmentId}}",
								"domains",
								""
							]
						}
					},
					"response": []
				},
				{
					"name": "Patch domain - allow localhost",
					"event": [
						{
							"listen": "test",
							"script": {
								"exec": [
									"pm.test(\"Status code is 200\", function () {",
									"    pm.response.to.have.status(200);",
									"});",
									"",
									"pm.test(\"DCR disabled for domain\", function () {",
									"    var jsonData = pm.response.json();",
									"    pm.expect(jsonData.oidc.clientRegistrationSettings.allowLocalhostRedirectUri).to.eql(true);",
									"    pm.expect(jsonData.oidc.clientRegistrationSettings.allowHttpSchemeRedirectUri).to.eql(true);",
									"    pm.expect(jsonData.oidc.clientRegistrationSettings.allowWildCardRedirectUri).to.eql(true);",
									"    pm.expect(jsonData.oidc.clientRegistrationSettings.isDynamicClientRegistrationEnabled).to.eql(false);",
									"    pm.expect(jsonData.oidc.clientRegistrationSettings.isOpenDynamicClientRegistrationEnabled).to.eql(false);",
									"});"
								],
								"type": "text/javascript"
							}
						}
					],
					"request": {
						"method": "PATCH",
						"header": [
							{
								"key": "Content-Type",
								"name": "Content-Type",
								"value": "application/json",
								"type": "text"
							},
							{
								"key": "Authorization",
								"value": "Bearer {{token}}",
								"type": "text"
							}
						],
						"body": {
							"mode": "raw",
							"raw": "{\n  \"oidc\": {\n    \"clientRegistrationSettings\": {\n      \"allowLocalhostRedirectUri\": true,\n      \"allowHttpSchemeRedirectUri\": true,\n      \"allowWildCardRedirectUri\": true,\n      \"isDynamicClientRegistrationEnabled\": false,\n      \"isOpenDynamicClientRegistrationEnabled\": false\n    }\n  }\n}"
						},
						"url": {
							"raw": "{{management_url}}/management/organizations/{{defaultOrganizationId}}/environments/{{defaultEnvironmentId}}/domains/{{domain}}",
							"host": [
								"{{management_url}}"
							],
							"path": [
								"management",
								"organizations",
								"{{defaultOrganizationId}}",
								"environments",
								"{{defaultEnvironmentId}}",
								"domains",
								"{{domain}}"
							]
						}
					},
					"response": []
				},
				{
					"name": "Create in-memory IDP",
					"event": [
						{
							"listen": "test",
							"script": {
								"exec": [
									"pm.test(\"Status code is 201\", function () {",
									"    pm.response.to.have.status(201);",
									"});",
									"",
									"var body = JSON.parse(responseBody);",
									"pm.environment.set('idp.inmemory', body.id);"
								],
								"type": "text/javascript"
							}
						}
					],
					"request": {
						"method": "POST",
						"header": [
							{
								"key": "Content-Type",
								"value": "application/json"
							},
							{
								"key": "Authorization",
								"value": "Bearer {{token}}"
							}
						],
						"body": {
							"mode": "raw",
							"raw": "{\n  \"external\": false,\n  \"type\": \"inline-am-idp\",\n  \"domainWhitelist\" : [],\n  \"configuration\": \"{\\\"users\\\":[{\\\"firstname\\\":\\\"my-user\\\",\\\"lastname\\\":\\\"my-user-lastname\\\",\\\"username\\\":\\\"user\\\",\\\"password\\\":\\\"#CoMpL3X-P@SsW0Rd\\\"},{\\\"firstname\\\":\\\"Jensen\\\",\\\"lastname\\\":\\\"Barbara\\\",\\\"username\\\":\\\"jensen.barbara\\\",\\\"email\\\":\\\"jensen.barbara@mail.com\\\",\\\"password\\\":\\\"#CoMpL3X-P@SsW0Rd\\\"}]}\",\n  \"name\": \"inmemory\"\n}"
						},
						"url": {
							"raw": "{{management_url}}/management/organizations/{{defaultOrganizationId}}/environments/{{defaultEnvironmentId}}/domains/{{domain}}/identities",
							"host": [
								"{{management_url}}"
							],
							"path": [
								"management",
								"organizations",
								"{{defaultOrganizationId}}",
								"environments",
								"{{defaultEnvironmentId}}",
								"domains",
								"{{domain}}",
								"identities"
							]
						}
					},
					"response": []
				},
				{
					"name": "Create application",
					"event": [
						{
							"listen": "test",
							"script": {
								"exec": [
									"pm.test(\"Status code is 201\", function () {",
									"    pm.response.to.have.status(201);",
									"});",
									"",
									"var body = JSON.parse(responseBody);",
									"pm.environment.set('app', body.id);",
									"pm.environment.set('clientId', body.settings.oauth.clientId);",
									"pm.environment.set('clientSecret', body.settings.oauth.clientSecret);"
								],
								"type": "text/javascript",
								"packages": {}
							}
						}
					],
					"request": {
						"method": "POST",
						"header": [
							{
								"key": "Content-Type",
								"value": "application/json"
							},
							{
								"key": "Authorization",
								"value": "Bearer {{token}}"
							}
						],
						"body": {
							"mode": "raw",
							"raw": "{\n  \"name\": \"my-client\",\n  \"type\": \"WEB\",\n  \"redirectUris\": [\"http://localhost:4000\"]\n}"
						},
						"url": {
							"raw": "{{management_url}}/management/organizations/{{defaultOrganizationId}}/environments/{{defaultEnvironmentId}}/domains/{{domain}}/applications",
							"host": [
								"{{management_url}}"
							],
							"path": [
								"management",
								"organizations",
								"{{defaultOrganizationId}}",
								"environments",
								"{{defaultEnvironmentId}}",
								"domains",
								"{{domain}}",
								"applications"
							]
						}
					},
					"response": []
				},
				{
					"name": "Configure application",
					"event": [
						{
							"listen": "test",
							"script": {
								"exec": [
									"pm.test(\"Status code is 200\", function () {",
									"    pm.response.to.have.status(200);",
									"});"
								],
								"type": "text/javascript"
							}
						}
					],
					"request": {
						"method": "PUT",
						"header": [
							{
								"key": "Content-Type",
								"value": "application/json"
							},
							{
								"key": "Authorization",
								"value": "Bearer {{token}}"
							}
						],
						"body": {
							"mode": "raw",
							"raw": "{\n  \"identityProviders\": [\n    { \"identity\": \"{{idp.inmemory}}\", \"priority\" : -1 }\n  ],\n  \"settings\": {\n  \t\"oauth\": {\n  \t\t\"redirectUris\": [\"http://localhost:4000\"],\n\t\t\"grantTypes\": [\"implicit\"]\n\t}\n  }\n}\n"
						},
						"url": {
							"raw": "{{management_url}}/management/organizations/{{defaultOrganizationId}}/environments/{{defaultEnvironmentId}}/domains/{{domain}}/applications/{{app}}",
							"host": [
								"{{management_url}}"
							],
							"path": [
								"management",
								"organizations",
								"{{defaultOrganizationId}}",
								"environments",
								"{{defaultEnvironmentId}}",
								"domains",
								"{{domain}}",
								"applications",
								"{{app}}"
							]
						}
					},
					"response": []
				},
				{
					"name": "Start domain",
					"event": [
						{
							"listen": "test",
							"script": {
								"exec": [
									"// wait for sync process",
									"setTimeout(function(){}, 10000);"
								],
								"type": "text/javascript"
							}
						}
					],
					"request": {
						"method": "PATCH",
						"header": [
							{
								"key": "Content-Type",
								"value": "application/json"
							},
							{
								"key": "Authorization",
								"value": "Bearer {{token}}"
							}
						],
						"body": {
							"mode": "raw",
							"raw": "{\n  \"enabled\": true\n}"
						},
						"url": {
							"raw": "{{management_url}}/management/organizations/{{defaultOrganizationId}}/environments/{{defaultEnvironmentId}}/domains/{{domain}}",
							"host": [
								"{{management_url}}"
							],
							"path": [
								"management",
								"organizations",
								"{{defaultOrganizationId}}",
								"environments",
								"{{defaultEnvironmentId}}",
								"domains",
								"{{domain}}"
							]
						}
					},
					"response": []
				},
				{
					"name": "well-known/openid-configuration",
					"event": [
						{
							"listen": "test",
							"script": {
								"exec": [
									"pm.test(\"Status code is 200\", function () {",
									"    pm.response.to.have.status(200);",
									"});",
									"",
									"pm.test(\"Check discovery endpoints\", function () {",
									"    pm.response.to.be.header('Content-Type', 'application/json');",
									"    var body = pm.response.json();",
									"    ",
									"    pm.expect(body).to.have.property(\"authorization_endpoint\");",
									"    pm.expect(body).to.have.property(\"token_endpoint\");",
									"    pm.expect(body).to.have.property(\"revocation_endpoint\");",
									"    pm.expect(body).to.have.property(\"userinfo_endpoint\");",
									"    pm.expect(body).to.have.property(\"registration_endpoint\");",
									"    pm.expect(body).to.have.property(\"end_session_endpoint\");",
									"    pm.expect(body).to.have.property(\"introspection_endpoint\");",
									"",
									"    pm.environment.set('authorizationEndpoint', body.authorization_endpoint);",
									"    pm.environment.set('tokenEndpoint', body.token_endpoint);",
									"    pm.environment.set('userinfoEndpoint', body.userinfo_endpoint);",
									"    pm.environment.set('revocationEndpoint', body.revocation_endpoint);",
									"    pm.environment.set('registrationEndpoint', body.registration_endpoint);",
									"    pm.environment.set('logoutEndpoint', body.end_session_endpoint);",
									"    pm.environment.set('introspectionEndpoint', body.introspection_endpoint);",
									"});"
								],
								"type": "text/javascript"
							}
						}
					],
					"request": {
						"method": "GET",
						"header": [],
						"url": {
							"raw": "{{gateway_url}}/{{domainHrid}}/oidc/.well-known/openid-configuration",
							"host": [
								"{{gateway_url}}"
							],
							"path": [
								"{{domainHrid}}",
								"oidc",
								".well-known",
								"openid-configuration"
							]
						}
					},
					"response": []
				}
			]
		},
		{
			"name": "Get Access Token",
			"item": [
				{
					"name": "Access token - Initiate the flow",
					"event": [
						{
							"listen": "test",
							"script": {
								"exec": [
									"pm.test(\"Status code is 302\", function () {",
									"    pm.response.to.have.status(302);",
									"});",
									"",
									"pm.test(\"Should be redirected\", function () {",
									"    pm.response.to.be.redirection;",
									"    pm.response.to.have.header('Location');",
									"});",
									"",
									"pm.test(\"Should be a redirection to login page\", function() {",
									"    var location = pm.response.headers.get('Location');",
									"    let domain = pm.environment.get(\"domainHrid\");",
									"    ",
                                    "    pm.expect(location).to.include(pm.environment.get('gateway_url') + '/' + domain + '/login');",
                                    "    pm.expect(location).to.include('client_id=' + pm.environment.get('clientId'));",
									"    pm.environment.set('redirection', pm.response.headers.get('Location'));",
									"});"
								],
								"type": "text/javascript"
							}
						},
						{
							"listen": "prerequest",
							"script": {
								"exec": [
									""
								],
								"type": "text/javascript"
							}
						}
					],
					"request": {
						"method": "GET",
						"header": [],
						"url": {
							"raw": "{{authorizationEndpoint}}?response_type=token&client_id={{clientId}}&redirect_uri=http://localhost:4000/",
							"host": [
								"{{authorizationEndpoint}}"
							],
							"query": [
								{
									"key": "response_type",
									"value": "token"
								},
								{
									"key": "client_id",
									"value": "{{clientId}}"
								},
								{
									"key": "redirect_uri",
									"value": "http://localhost:4000/"
								}
							]
						}
					},
					"response": []
				},
				{
					"name": "Redirect to login form",
					"event": [
						{
							"listen": "test",
							"script": {
								"exec": [
									"pm.test(\"Status code is 200\", function () {",
									"    pm.response.to.have.status(200);",
									"});",
									"",
									"pm.test(\"Should be ok\", function () {",
									"    pm.response.to.be.ok;",
									"    ",
									"    // Extract the XSRF token to send it with the next request.",
									"    var cheerio = require('cheerio');",
									"    var responseHTML = cheerio.load(pm.response.text());",
									"    var xsrfToken = responseHTML('[name=\"X-XSRF-TOKEN\"]').val();",
									"    const action = responseHTML('form').attr('action');",
									"    pm.environment.set('xsrf', xsrfToken);",
									"    pm.environment.set('action', action);",
									"});"
								],
								"type": "text/javascript"
							}
						},
						{
							"listen": "prerequest",
							"script": {
								"exec": [
									""
								],
								"type": "text/javascript"
							}
						}
					],
					"request": {
						"method": "GET",
						"header": [],
						"url": {
							"raw": "{{redirection}}",
							"host": [
								"{{redirection}}"
							]
						},
						"description": "The client does not have a redirect_uri define"
					},
					"response": []
				},
				{
					"name": "Post login form",
					"event": [
						{
							"listen": "test",
							"script": {
								"exec": [
									"pm.test(\"Status code is 302\", function () {",
									"    pm.response.to.have.status(302);",
									"});",
									"",
									"pm.test(\"Should be redirected\", function () {",
									"    pm.response.to.be.redirection;",
									"    pm.response.to.have.header('Location');",
									"",
									"    pm.environment.set('redirection', pm.response.headers.get('Location'));",
									"});"
								],
								"type": "text/javascript"
							}
						},
						{
							"listen": "prerequest",
							"script": {
								"exec": [
									""
								],
								"type": "text/javascript"
							}
						}
					],
					"request": {
						"method": "POST",
						"header": [
							{
								"key": "Content-Type",
								"value": "application/x-www-form-urlencoded"
							}
						],
						"body": {
							"mode": "urlencoded",
							"urlencoded": [
								{
									"key": "X-XSRF-TOKEN",
									"value": "{{xsrf}}",
									"type": "text"
								},
								{
									"key": "client_id",
									"value": "{{clientId}}",
									"type": "text"
								},
								{
									"key": "username",
									"value": "user",
									"type": "text"
								},
								{
									"key": "password",
									"value": "#CoMpL3X-P@SsW0Rd",
									"type": "text"
								}
							]
						},
						"url": {
							"raw": "{{action}}",
							"host": [
								"{{action}}"
							]
						},
						"description": "The client does not have a redirect_uri define"
					},
					"response": []
				},
				{
					"name": "Follow redirection",
					"event": [
						{
							"listen": "test",
							"script": {
								"exec": [
									"pm.test(\"Status code is 302\", function () {",
									"    pm.response.to.have.status(302);",
									"});",
									"",
									"pm.test(\"Should be redirected\", function () {",
									"    pm.response.to.be.redirection;",
									"    pm.response.to.have.header('Location');",
									"});",
									"",
									"pm.test(\"Should be a redirection to redirect_uri with implicit\", function() {",
									"    var location = pm.response.headers.get('Location');",
                                    "    pm.expect(location).to.include('http://localhost:4000/#');",
                                    "    pm.expect(location).to.include('access_token=');",
                                    "    pm.expect(location).to.include('token_type=bearer');",
                                    "    pm.expect(location).to.include('expires_in=');",
									"    ",
									"    // extract access token",
									"    var hash = location.substr(23);",
									"    var responseParameters = hash.split(\"&\");",
									"    var parameterMap = [];",
									"    for(var i = 0; i < responseParameters.length; i++) {",
									"        parameterMap[responseParameters[i].split(\"=\")[0]] = responseParameters[i].split(\"=\")[1];",
									"    }",
									"    pm.environment.set('access_token', parameterMap.access_token);",
									"    ",
									"    // wait for offline verification sync process",
									"    setTimeout(function(){}, 11000);",
									"});"
								],
								"type": "text/javascript"
							}
						},
						{
							"listen": "prerequest",
							"script": {
								"exec": [
									""
								],
								"type": "text/javascript"
							}
						}
					],
					"request": {
						"method": "GET",
						"header": [],
						"url": {
							"raw": "{{redirection}}",
							"host": [
								"{{redirection}}"
							]
						},
						"description": "The client does not have a redirect_uri define"
					},
					"response": []
				},
				{
					"name": "Introspect Token",
					"event": [
						{
							"listen": "test",
							"script": {
								"exec": [
									"pm.test(\"Status code is 200\", function () {",
									"    pm.response.to.have.status(200);",
									"});",
									"",
									"pm.test(\"Is token active\", function () {",
									"    var body = pm.response.json();",
									"    pm.expect(body).to.have.property('active');",
									"    pm.expect(body.active).to.eql(true);",
									"    pm.expect(body.client_id).to.eql(pm.environment.get('clientId'));",
									"    pm.expect(body.username).to.eql(\"user\");",
									"    pm.expect(body.token_type).to.eql(\"bearer\");",
									"});"
								],
								"type": "text/javascript"
							}
						}
					],
					"request": {
						"auth": {
							"type": "basic",
							"basic": [
								{
									"key": "password",
									"value": "{{clientSecret}}",
									"type": "string"
								},
								{
									"key": "username",
									"value": "{{clientId}}",
									"type": "string"
								}
							]
						},
						"method": "POST",
						"header": [],
						"body": {
							"mode": "urlencoded",
							"urlencoded": [
								{
									"key": "token",
									"value": "{{access_token}}",
									"type": "text"
								}
							]
						},
						"url": {
							"raw": "{{introspectionEndpoint}}",
							"host": [
								"{{introspectionEndpoint}}"
							]
						}
					},
					"response": []
				},
				{
					"name": "Logout user",
					"event": [
						{
							"listen": "test",
							"script": {
								"exec": [
									"pm.test(\"Status code is 302\", function () {",
									"    pm.response.to.have.status(302);",
									"});",
									"",
									"pm.test(\"Should be redirected\", function () {",
									"    pm.response.to.be.redirection;",
									"    pm.response.to.have.header('Location');",
									"    ",
									"    pm.environment.set('redirection', pm.response.headers.get('Location'));",
									"});"
								],
								"type": "text/javascript"
							}
						},
						{
							"listen": "prerequest",
							"script": {
								"exec": [
									""
								],
								"type": "text/javascript"
							}
						}
					],
					"request": {
						"method": "GET",
						"header": [],
						"url": {
							"raw": "{{logoutEndpoint}}",
							"host": [
								"{{logoutEndpoint}}"
							]
						},
						"description": "The client does not have a redirect_uri define"
					},
					"response": []
				},
				{
					"name": "Introspect Token",
					"event": [
						{
							"listen": "test",
							"script": {
								"exec": [
									"pm.test(\"Status code is 200\", function () {",
									"    pm.response.to.have.status(200);",
									"});",
									"",
									"pm.test(\"Is token active\", function () {",
									"    var body = pm.response.json();",
									"    pm.expect(body).to.have.property('active');",
									"    pm.expect(body.active).to.eql(true);",
									"    pm.expect(body.client_id).to.eql(pm.environment.get('clientId'));",
									"    pm.expect(body.username).to.eql(\"user\");",
									"    pm.expect(body.token_type).to.eql(\"bearer\");",
									"});"
								],
								"type": "text/javascript"
							}
						}
					],
					"request": {
						"auth": {
							"type": "basic",
							"basic": [
								{
									"key": "password",
									"value": "{{clientSecret}}",
									"type": "string"
								},
								{
									"key": "username",
									"value": "{{clientId}}",
									"type": "string"
								}
							]
						},
						"method": "POST",
						"header": [],
						"body": {
							"mode": "urlencoded",
							"urlencoded": [
								{
									"key": "token",
									"value": "{{access_token}}",
									"type": "text"
								}
							]
						},
						"url": {
							"raw": "{{introspectionEndpoint}}",
							"host": [
								"{{introspectionEndpoint}}"
							]
						}
					},
					"response": []
				}
			],
			"event": [
				{
					"listen": "prerequest",
					"script": {
						"type": "text/javascript",
						"exec": [
							""
						]
					}
				},
				{
					"listen": "test",
					"script": {
						"type": "text/javascript",
						"exec": [
							""
						]
					}
				}
			]
		},
		{
			"name": "Get Access Token - invalidate tokens",
			"item": [
				{
					"name": "Access token - Initiate the flow",
					"event": [
						{
							"listen": "test",
							"script": {
								"exec": [
									"pm.test(\"Status code is 302\", function () {",
									"    pm.response.to.have.status(302);",
									"});",
									"",
									"pm.test(\"Should be redirected\", function () {",
									"    pm.response.to.be.redirection;",
									"    pm.response.to.have.header('Location');",
									"});",
									"",
									"pm.test(\"Should be a redirection to login page\", function() {",
									"    var location = pm.response.headers.get('Location');",
									"    let domain = pm.environment.get(\"domainHrid\");",
									"    ",
                                    "    pm.expect(location).to.include(pm.environment.get('gateway_url') + '/' + domain + '/login');",
                                    "    pm.expect(location).to.include('client_id=' + pm.environment.get('clientId'));",
									"    ",
									"    pm.environment.set('redirection', pm.response.headers.get('Location'));",
									"});"
								],
								"type": "text/javascript"
							}
						},
						{
							"listen": "prerequest",
							"script": {
								"exec": [
									""
								],
								"type": "text/javascript"
							}
						}
					],
					"request": {
						"method": "GET",
						"header": [],
						"url": {
							"raw": "{{authorizationEndpoint}}?response_type=token&client_id={{clientId}}&redirect_uri=http://localhost:4000/",
							"host": [
								"{{authorizationEndpoint}}"
							],
							"query": [
								{
									"key": "response_type",
									"value": "token"
								},
								{
									"key": "client_id",
									"value": "{{clientId}}"
								},
								{
									"key": "redirect_uri",
									"value": "http://localhost:4000/"
								}
							]
						}
					},
					"response": []
				},
				{
					"name": "Redirect to login form",
					"event": [
						{
							"listen": "test",
							"script": {
								"exec": [
									"pm.test(\"Status code is 200\", function () {",
									"    pm.response.to.have.status(200);",
									"});",
									"",
									"pm.test(\"Should be ok\", function () {",
									"    pm.response.to.be.ok;",
									"    ",
									"    // Extract the XSRF token to send it with the next request.",
									"    var cheerio = require('cheerio');",
									"    var responseHTML = cheerio.load(pm.response.text());",
									"    var xsrfToken = responseHTML('[name=\"X-XSRF-TOKEN\"]').val();",
									"    const action = responseHTML('form').attr('action');",
									"    pm.environment.set('xsrf', xsrfToken);",
									"    pm.environment.set('action', action);",
									"});"
								],
								"type": "text/javascript"
							}
						},
						{
							"listen": "prerequest",
							"script": {
								"exec": [
									""
								],
								"type": "text/javascript"
							}
						}
					],
					"request": {
						"method": "GET",
						"header": [],
						"url": {
							"raw": "{{redirection}}",
							"host": [
								"{{redirection}}"
							]
						},
						"description": "The client does not have a redirect_uri define"
					},
					"response": []
				},
				{
					"name": "Post login form",
					"event": [
						{
							"listen": "test",
							"script": {
								"exec": [
									"pm.test(\"Status code is 302\", function () {",
									"    pm.response.to.have.status(302);",
									"});",
									"",
									"pm.test(\"Should be redirected\", function () {",
									"    pm.response.to.be.redirection;",
									"    pm.response.to.have.header('Location');",
									"",
									"    pm.environment.set('redirection', pm.response.headers.get('Location'));",
									"});"
								],
								"type": "text/javascript"
							}
						},
						{
							"listen": "prerequest",
							"script": {
								"exec": [
									""
								],
								"type": "text/javascript"
							}
						}
					],
					"request": {
						"method": "POST",
						"header": [
							{
								"key": "Content-Type",
								"value": "application/x-www-form-urlencoded"
							}
						],
						"body": {
							"mode": "urlencoded",
							"urlencoded": [
								{
									"key": "X-XSRF-TOKEN",
									"value": "{{xsrf}}",
									"type": "text"
								},
								{
									"key": "client_id",
									"value": "{{clientId}}",
									"type": "text"
								},
								{
									"key": "username",
									"value": "user",
									"type": "text"
								},
								{
									"key": "password",
									"value": "#CoMpL3X-P@SsW0Rd",
									"type": "text"
								}
							]
						},
						"url": {
							"raw": "{{action}}",
							"host": [
								"{{action}}"
							]
						},
						"description": "The client does not have a redirect_uri define"
					},
					"response": []
				},
				{
					"name": "Follow redirection",
					"event": [
						{
							"listen": "test",
							"script": {
								"exec": [
									"pm.test(\"Status code is 302\", function () {",
									"    pm.response.to.have.status(302);",
									"});",
									"",
									"pm.test(\"Should be redirected\", function () {",
									"    pm.response.to.be.redirection;",
									"    pm.response.to.have.header('Location');",
									"});",
									"",
									"pm.test(\"Should be a redirection to redirect_uri with implicit\", function() {",
									"    var location = pm.response.headers.get('Location');",
                                    "    pm.expect(location).to.include('http://localhost:4000/#');",
									"    ",
                                    "    pm.expect(location).to.include('access_token=');",
                                    "    pm.expect(location).to.include('token_type=bearer');",
                                    "    pm.expect(location).to.include('expires_in=');",
									"    ",
									"    // extract access token",
									"    var hash = location.substr(23);",
									"    var responseParameters = hash.split(\"&\");",
									"    var parameterMap = [];",
									"    for(var i = 0; i < responseParameters.length; i++) {",
									"        parameterMap[responseParameters[i].split(\"=\")[0]] = responseParameters[i].split(\"=\")[1];",
									"    }",
									"    pm.environment.set('access_token', parameterMap.access_token);",
									"    ",
									"    // wait for offline verification sync process",
									"    setTimeout(function(){}, 11000);",
									"});"
								],
								"type": "text/javascript"
							}
						},
						{
							"listen": "prerequest",
							"script": {
								"exec": [
									""
								],
								"type": "text/javascript"
							}
						}
					],
					"request": {
						"method": "GET",
						"header": [],
						"url": {
							"raw": "{{redirection}}",
							"host": [
								"{{redirection}}"
							]
						},
						"description": "The client does not have a redirect_uri define"
					},
					"response": []
				},
				{
					"name": "Introspect Token",
					"event": [
						{
							"listen": "test",
							"script": {
								"exec": [
									"pm.test(\"Status code is 200\", function () {",
									"    pm.response.to.have.status(200);",
									"});",
									"",
									"pm.test(\"Is token active\", function () {",
									"    var body = pm.response.json();",
									"    pm.expect(body).to.have.property('active');",
									"    pm.expect(body.active).to.eql(true);",
									"    pm.expect(body.client_id).to.eql(pm.environment.get('clientId'));",
									"    pm.expect(body.username).to.eql(\"user\");",
									"    pm.expect(body.token_type).to.eql(\"bearer\");",
									"});"
								],
								"type": "text/javascript"
							}
						}
					],
					"request": {
						"auth": {
							"type": "basic",
							"basic": [
								{
									"key": "password",
									"value": "{{clientSecret}}",
									"type": "string"
								},
								{
									"key": "username",
									"value": "{{clientId}}",
									"type": "string"
								}
							]
						},
						"method": "POST",
						"header": [],
						"body": {
							"mode": "urlencoded",
							"urlencoded": [
								{
									"key": "token",
									"value": "{{access_token}}",
									"type": "text"
								}
							]
						},
						"url": {
							"raw": "{{introspectionEndpoint}}",
							"host": [
								"{{introspectionEndpoint}}"
							]
						}
					},
					"response": []
				},
				{
					"name": "Logout user",
					"event": [
						{
							"listen": "test",
							"script": {
								"exec": [
									"pm.test(\"Status code is 302\", function () {",
									"    pm.response.to.have.status(302);",
									"});",
									"",
									"pm.test(\"Should be redirected\", function () {",
									"    pm.response.to.be.redirection;",
									"    pm.response.to.have.header('Location');",
									"    ",
									"    pm.environment.set('redirection', pm.response.headers.get('Location'));",
									"});"
								],
								"type": "text/javascript"
							}
						},
						{
							"listen": "prerequest",
							"script": {
								"exec": [
									""
								],
								"type": "text/javascript"
							}
						}
					],
					"request": {
						"method": "GET",
						"header": [],
						"url": {
							"raw": "{{logoutEndpoint}}?invalidate_tokens=true",
							"host": [
								"{{logoutEndpoint}}"
							],
							"query": [
								{
									"key": "invalidate_tokens",
									"value": "true"
								}
							]
						},
						"description": "The client does not have a redirect_uri define"
					},
					"response": []
				},
				{
					"name": "Introspect Token",
					"event": [
						{
							"listen": "test",
							"script": {
								"exec": [
									"pm.test(\"Status code is 200\", function () {",
									"    pm.response.to.have.status(200);",
									"});",
									"",
									"pm.test(\"Is token not active anymore\", function () {",
									"    var body = pm.response.json();",
									"    pm.expect(body).to.have.property('active');",
									"    pm.expect(body.active).to.eql(false);",
									"});"
								],
								"type": "text/javascript"
							}
						}
					],
					"request": {
						"auth": {
							"type": "basic",
							"basic": [
								{
									"key": "password",
									"value": "{{clientSecret}}",
									"type": "string"
								},
								{
									"key": "username",
									"value": "{{clientId}}",
									"type": "string"
								}
							]
						},
						"method": "POST",
						"header": [],
						"body": {
							"mode": "urlencoded",
							"urlencoded": [
								{
									"key": "token",
									"value": "{{access_token}}",
									"type": "text"
								}
							]
						},
						"url": {
							"raw": "{{introspectionEndpoint}}",
							"host": [
								"{{introspectionEndpoint}}"
							]
						}
					},
					"response": []
				}
			],
			"event": [
				{
					"listen": "prerequest",
					"script": {
						"type": "text/javascript",
						"exec": [
							""
						]
					}
				},
				{
					"listen": "test",
					"script": {
						"type": "text/javascript",
						"exec": [
							""
						]
					}
				}
			]
		},
		{
			"name": "Get Access Token - POST logout",
			"item": [
				{
					"name": "Access token - Initiate the flow",
					"event": [
						{
							"listen": "test",
							"script": {
								"exec": [
									"pm.test(\"Status code is 302\", function () {",
									"    pm.response.to.have.status(302);",
									"});",
									"",
									"pm.test(\"Should be redirected\", function () {",
									"    pm.response.to.be.redirection;",
									"    pm.response.to.have.header('Location');",
									"});",
									"",
									"pm.test(\"Should be a redirection to login page\", function() {",
									"    var location = pm.response.headers.get('Location');",
									"    let domain = pm.environment.get(\"domainHrid\");",
									"    ",
                                    "    pm.expect(location).to.include(pm.environment.get('gateway_url') + '/' + domain + '/login');",
                                    "    pm.expect(location).to.include('client_id=' + pm.environment.get('clientId'));",
									"    ",
									"    pm.environment.set('redirection', pm.response.headers.get('Location'));",
									"});"
								],
								"type": "text/javascript"
							}
						},
						{
							"listen": "prerequest",
							"script": {
								"exec": [
									""
								],
								"type": "text/javascript"
							}
						}
					],
					"request": {
						"method": "GET",
						"header": [],
						"url": {
							"raw": "{{authorizationEndpoint}}?response_type=id_token&client_id={{clientId}}&redirect_uri=http://localhost:4000/&nonce=12345",
							"host": [
								"{{authorizationEndpoint}}"
							],
							"query": [
								{
									"key": "response_type",
									"value": "id_token"
								},
								{
									"key": "client_id",
									"value": "{{clientId}}"
								},
								{
									"key": "redirect_uri",
									"value": "http://localhost:4000/"
								},
								{
									"key": "nonce",
									"value": "12345"
								}
							]
						}
					},
					"response": []
				},
				{
					"name": "Redirect to login form",
					"event": [
						{
							"listen": "test",
							"script": {
								"exec": [
									"pm.test(\"Status code is 200\", function () {",
									"    pm.response.to.have.status(200);",
									"});",
									"",
									"pm.test(\"Should be ok\", function () {",
									"    pm.response.to.be.ok;",
									"    ",
									"    // Extract the XSRF token to send it with the next request.",
									"    var cheerio = require('cheerio');",
									"    var responseHTML = cheerio.load(pm.response.text());",
									"    var xsrfToken = responseHTML('[name=\"X-XSRF-TOKEN\"]').val();",
									"    const action = responseHTML('form').attr('action');",
									"    pm.environment.set('xsrf', xsrfToken);",
									"    pm.environment.set('action', action);",
									"});"
								],
								"type": "text/javascript"
							}
						},
						{
							"listen": "prerequest",
							"script": {
								"exec": [
									""
								],
								"type": "text/javascript"
							}
						}
					],
					"request": {
						"method": "GET",
						"header": [],
						"url": {
							"raw": "{{redirection}}",
							"host": [
								"{{redirection}}"
							]
						},
						"description": "The client does not have a redirect_uri define"
					},
					"response": []
				},
				{
					"name": "Post login form",
					"event": [
						{
							"listen": "test",
							"script": {
								"exec": [
									"pm.test(\"Status code is 302\", function () {",
									"    pm.response.to.have.status(302);",
									"});",
									"",
									"pm.test(\"Should be redirected\", function () {",
									"    pm.response.to.be.redirection;",
									"    pm.response.to.have.header('Location');",
									"",
									"    pm.environment.set('redirection', pm.response.headers.get('Location'));",
									"});"
								],
								"type": "text/javascript"
							}
						},
						{
							"listen": "prerequest",
							"script": {
								"exec": [
									""
								],
								"type": "text/javascript"
							}
						}
					],
					"request": {
						"method": "POST",
						"header": [
							{
								"key": "Content-Type",
								"value": "application/x-www-form-urlencoded"
							}
						],
						"body": {
							"mode": "urlencoded",
							"urlencoded": [
								{
									"key": "X-XSRF-TOKEN",
									"value": "{{xsrf}}",
									"type": "text"
								},
								{
									"key": "client_id",
									"value": "{{clientId}}",
									"type": "text"
								},
								{
									"key": "username",
									"value": "user",
									"type": "text"
								},
								{
									"key": "password",
									"value": "#CoMpL3X-P@SsW0Rd",
									"type": "text"
								}
							]
						},
						"url": {
							"raw": "{{action}}",
							"host": [
								"{{action}}"
							]
						},
						"description": "The client does not have a redirect_uri define"
					},
					"response": []
				},
				{
					"name": "Follow redirection",
					"event": [
						{
							"listen": "test",
							"script": {
								"exec": [
									"pm.test(\"Status code is 302\", function () {",
									"    pm.response.to.have.status(302);",
									"});",
									"",
									"pm.test(\"Should be redirected\", function () {",
									"    pm.response.to.be.redirection;",
									"    pm.response.to.have.header('Location');",
									"});",
									"",
									"pm.test(\"Should be a redirection to redirect_uri with implicit\", function() {",
									"    var location = pm.response.headers.get('Location');",
                                    "    pm.expect(location).to.include('http://localhost:4000/#');",
									"    ",
                                    "    pm.expect(location).to.include('id_token=');",
                                    "    ",
									"    // extract id token",
									"    var hash = location.substr(23);",
									"    var responseParameters = hash.split(\"&\");",
									"    var parameterMap = [];",
									"    for(var i = 0; i < responseParameters.length; i++) {",
									"        parameterMap[responseParameters[i].split(\"=\")[0]] = responseParameters[i].split(\"=\")[1];",
									"    }",
									"    pm.environment.set('id_token', parameterMap.id_token);",
									"});"
								],
								"type": "text/javascript"
							}
						},
						{
							"listen": "prerequest",
							"script": {
								"exec": [
									""
								],
								"type": "text/javascript"
							}
						}
					],
					"request": {
						"method": "GET",
						"header": [],
						"url": {
							"raw": "{{redirection}}",
							"host": [
								"{{redirection}}"
							]
						},
						"description": "The client does not have a redirect_uri define"
					},
					"response": []
				},
				{
					"name": "Logout user",
					"event": [
						{
							"listen": "test",
							"script": {
								"exec": [
									"pm.test(\"Status code is 302\", function () {",
									"    pm.response.to.have.status(302);",
									"});",
									"",
									"pm.test(\"Should be redirected\", function () {",
									"    pm.response.to.be.redirection;",
									"    pm.response.to.have.header('Location');",
									"});"
								],
								"type": "text/javascript"
							}
						},
						{
							"listen": "prerequest",
							"script": {
								"exec": [
									""
								],
								"type": "text/javascript"
							}
						}
					],
					"request": {
						"method": "POST",
						"header": [],
						"body": {
							"mode": "urlencoded",
							"urlencoded": [
								{
									"key": "id_token_hint",
									"value": "{{id_token}}",
									"type": "text"
								}
							]
						},
						"url": {
							"raw": "{{logoutEndpoint}}",
							"host": [
								"{{logoutEndpoint}}"
							]
						},
						"description": "The client does not have a redirect_uri define"
					},
					"response": []
				},
				{
					"name": "Access token - Initiate the flow (bis)",
					"event": [
						{
							"listen": "test",
							"script": {
								"exec": [
									"pm.test(\"Status code is 302\", function () {",
									"    pm.response.to.have.status(302);",
									"});",
									"",
									"pm.test(\"Should be redirected\", function () {",
									"    pm.response.to.be.redirection;",
									"    pm.response.to.have.header('Location');",
									"});",
									"",
									"pm.test(\"Should be a redirection to login page\", function() {",
									"    var location = pm.response.headers.get('Location');",
									"    let domain = pm.environment.get(\"domainHrid\");",
									"    ",
                                    "    pm.expect(location).to.include(pm.environment.get('gateway_url') + '/' + domain + '/login');",
                                    "    pm.expect(location).to.include('client_id=' + pm.environment.get('clientId'));",
									"});"
								],
								"type": "text/javascript"
							}
						},
						{
							"listen": "prerequest",
							"script": {
								"exec": [
									""
								],
								"type": "text/javascript"
							}
						}
					],
					"request": {
						"method": "GET",
						"header": [],
						"url": {
							"raw": "{{authorizationEndpoint}}?response_type=id_token&client_id={{clientId}}&redirect_uri=http://localhost:4000/&nonce=12345",
							"host": [
								"{{authorizationEndpoint}}"
							],
							"query": [
								{
									"key": "response_type",
									"value": "id_token"
								},
								{
									"key": "client_id",
									"value": "{{clientId}}"
								},
								{
									"key": "redirect_uri",
									"value": "http://localhost:4000/"
								},
								{
									"key": "nonce",
									"value": "12345"
								}
							]
						}
					},
					"response": []
				}
			]
		},
		{
			"name": "Delete domain",
			"event": [
				{
					"listen": "test",
					"script": {
						"exec": [
							"pm.test(\"Status code is 204\", function () {",
							"    pm.response.to.have.status(204);",
							"});"
						],
						"type": "text/javascript"
					}
				}
			],
			"request": {
				"method": "DELETE",
				"header": [
					{
						"key": "Content-Type",
						"value": "application/json"
					},
					{
						"key": "Authorization",
						"value": "Bearer {{token}}"
					}
				],
				"body": {
					"mode": "raw",
					"raw": ""
				},
				"url": {
					"raw": "{{management_url}}/management/organizations/{{defaultOrganizationId}}/environments/{{defaultEnvironmentId}}/domains/{{domain}}",
					"host": [
						"{{management_url}}"
					],
					"path": [
						"management",
						"organizations",
						"{{defaultOrganizationId}}",
						"environments",
						"{{defaultEnvironmentId}}",
						"domains",
						"{{domain}}"
					]
				}
			},
			"response": []
		}
	]
}