Name,Country,L1,L2,L3,Comments,Organisation,Author,Date,Attachment
Allerdale Emergency Plan,GB,England,Cumbria,Allerdale,,Allerdale Community Organisation,allerdale_admin@example.com,2019-07-01,
Allerdale Evacuation Plan,GB,England,Cumbria,Allerdale,,Allerdale Community Organisation,allerdale_admin@example.com,2019-07-02,
Eden Emergency Plan,GB,England,Cumbria,Eden,,Eden Community Organisation,eden_admin@example.com,2019-07-01,
Eden Evacuation Plan,GB,England,Cumbria,Eden,,Eden Community Organisation,eden_admin@example.com,2019-07-02,
