Organisation,Type,Country,L1,L2,L3,L4,KV:apply,KV:visible
Allerdale Community Organisation,Community Emergency Group,GB,England,Cumbria,Allerdale,,1,1
Eden Community Organisation,Community Emergency Group,GB,England,Cumbria,Eden,,1,1
Garsdale MutualAid,COVID-19 Response Group,GB,England,Cumbria,South Lakeland,Garsdale,1,1
Seascale Flood Defence,Flood Action Group,GB,England,Cumbria,Copeland,Seascale,1,0
Hands On Ulverston,Voluntary Organisation,GB,England,Cumbria,South Lakeland,Ulverston,1,1
Rockcliffe Parish Council,Other,GB,England,Cumbria,Carlisle,Rockcliffe,1,0