First Name,Last Name,Email,Password,Role,Organisation,Link
Admin,User,admin@example.com,testing,ADMIN,Agency Group,staff
Allerdale,Volunteer,allerdale_vol@example.com,eden,"VOLUNTEER,RESERVE/pr_forum.name=Reserves",Allerdale Community Organisation,staff
Allerdale,OrgAdmin,allerdale_admin@example.com,eden,"ORG_ADMIN,DONOR_ADMIN/pr_forum.name=Donors,RESERVE_READER/pr_forum.name=Reserves",Allerdale Community Organisation,staff
Eden,Volunteer,eden_vol@example.com,eden,VOLUNTEER,Eden Community Organisation,staff
Eden,OrgAdmin,eden_admin@example.com,eden,"ORG_ADMIN,DONOR_ADMIN/pr_forum.name=Donors,RESERVE_READER/pr_forum.name=Reserves",Eden Community Organisation,staff
Reserve,Volunteer,reserve@example.com,eden,"RESERVE/pr_forum.name=Reserves",,
Inactive,Volunteer,inactive@example.com,eden,"RESERVE/pr_forum.name=Inactives",,
Corporate,Donor,donor@example.com,eden,"DONOR/pr_person.details=Corporate+Donor+donor@example.com",,
Group,Leader,group@example.com,eden,"GROUP_ADMIN/pr_group.name=Helpers",,
Police,Liaison,police@example.com,eden,"AGENCY,CASE_ADMIN/pr_forum.name=Cases,DONOR_ADMIN/pr_forum.name=Donors,GROUPS_ADMIN/pr_forum.name=Groups,RESERVE_READER/pr_forum.name=Reserves",Agency Group,staff
