<?xml version="1.0" encoding="UTF-8"?>
<!--

    Copyright (C) 2015 The Gravitee team (http://gravitee.io)

    Licensed under the Apache License, Version 2.0 (the "License");
    you may not use this file except in compliance with the License.
    You may obtain a copy of the License at

            http://www.apache.org/licenses/LICENSE-2.0

    Unless required by applicable law or agreed to in writing, software
    distributed under the License is distributed on an "AS IS" BASIS,
    WITHOUT WARRANTIES OR CONDITIONS OF ANY KIND, either express or implied.
    See the License for the specific language governing permissions and
    limitations under the License.

-->
<configuration>

    <appender name="STDOUT" class="ch.qos.logback.core.ConsoleAppender">
        <!-- encoders are assigned the type
             ch.qos.logback.classic.encoder.PatternLayoutEncoder by default -->
        <encoder>
            <pattern>%d{HH:mm:ss.SSS} [%thread] [%X{domain}] %-5level %logger{36} - %msg%n</pattern>
        </encoder>
    </appender>

    <appender name="FILE" class="ch.qos.logback.core.rolling.RollingFileAppender">
        <file>${gravitee.home}/logs/gravitee.log</file>
        <rollingPolicy class="ch.qos.logback.core.rolling.TimeBasedRollingPolicy">
            <!-- daily rollover -->
            <fileNamePattern>${gravitee.home}/logs/gravitee_%d{yyyy-MM-dd}.log</fileNamePattern>

            <!-- keep 30 days' worth of history -->
            <maxHistory>30</maxHistory>
        </rollingPolicy>

        <encoder>
            <pattern>%d{HH:mm:ss.SSS} [%thread] [%X{domain}] %-5level %logger{36} - %msg%n</pattern>
        </encoder>
    </appender>

    <appender name="async-file" class="ch.qos.logback.classic.AsyncAppender">
        <appender-ref ref="FILE" />
    </appender>

    <appender name="async-console" class="ch.qos.logback.classic.AsyncAppender">
        <appender-ref ref="STDOUT" />
    </appender>

    <logger name="io.gravitee" level="INFO" />
    <logger name="io.gravitee.am.gateway.services.sync" level="WARN" />
    <logger name="org.reflections" level="WARN" />
    <logger name="org.springframework" level="WARN" />
    <logger name="org.eclipse.jetty" level="WARN" />

    <!-- Strictly speaking, the level attribute is not necessary since -->
    <!-- the level of the root level is set to DEBUG by default.       -->
    <root level="INFO">
        <appender-ref ref="async-console" />
        <appender-ref ref="async-file" />
    </root>

</configuration>
