<?xml version="1.0" encoding="UTF-8"?>
<!--

    Copyright (C) 2015 The Gravitee team (http://gravitee.io)

    Licensed under the Apache License, Version 2.0 (the "License");
    you may not use this file except in compliance with the License.
    You may obtain a copy of the License at

            http://www.apache.org/licenses/LICENSE-2.0

    Unless required by applicable law or agreed to in writing, software
    distributed under the License is distributed on an "AS IS" BASIS,
    WITHOUT WARRANTIES OR CONDITIONS OF ANY KIND, either express or implied.
    See the License for the specific language governing permissions and
    limitations under the License.

-->
<assembly
	xmlns="http://maven.apache.org/plugins/maven-assembly-plugin/assembly/1.1.2"
	xmlns:xsi="http://www.w3.org/2001/XMLSchema-instance"
	xsi:schemaLocation="http://maven.apache.org/plugins/maven-assembly-plugin/assembly/1.1.2 http://maven.apache.org/xsd/assembly-1.1.2.xsd">
	<id>bin</id>

	<formats>
		<format>zip</format>
	</formats>

	<includeBaseDirectory>true</includeBaseDirectory>

	<fileSets>
		<!-- Copy startup scripts and config files -->
		<fileSet>
			<directory>../target/distribution/config</directory>
			<outputDirectory>/config</outputDirectory>
			<includes>
				<include>**/*</include>
			</includes>
			<fileMode>644</fileMode>
			<filtered>true</filtered>
		</fileSet>

		<fileSet>
			<directory>../target/distribution/lib</directory>
			<outputDirectory>/lib</outputDirectory>
			<includes>
				<include>**/*</include>
			</includes>
			<fileMode>644</fileMode>
		</fileSet>

		<fileSet>
			<directory>../target/distribution/plugins</directory>
			<outputDirectory>/plugins</outputDirectory>
			<includes>
				<include>**/*</include>
			</includes>
			<fileMode>755</fileMode>
		</fileSet>

		<fileSet>
			<directory>../target/distribution/logs</directory>
			<outputDirectory>/logs</outputDirectory>
			<fileMode>644</fileMode>
			<excludes>
				<exclude>*</exclude>
			</excludes>
		</fileSet>

		<fileSet>
			<directory>../target/distribution/bin</directory>
			<outputDirectory>/bin</outputDirectory>
			<includes>
				<include>**/*</include>
			</includes>
			<fileMode>755</fileMode>
		</fileSet>

		<fileSet>
			<directory>../target/distribution/templates</directory>
			<outputDirectory>/templates</outputDirectory>
			<includes>
				<include>**/*</include>
			</includes>
			<fileMode>755</fileMode>
		</fileSet>
	</fileSets>

</assembly>

